회사명,회사정보,제목,링크,경력및고용형태,학력,마감일,직무분야,tech,location
(주)바딧,https://www.saramin.co.kr/zf_user/company-info/view-inner-recruit?csn=bHBTcUNmSWZjZmVmd2k3SXhPY2FIdz09,임베디드(HW) 개발자,https://www.saramin.co.kr/zf_user/jobs/relay/view?view_type=list&rec_idx=49447862,신입 · 경력 · 정규직,학력무관,D-6,"임베디드, H/W, MCU, C++, C언어",186,101000
주식회사바이오팝코리아,https://www.saramin.co.kr/zf_user/company-info/view-inner-recruit?csn=bEgyV0QrWm1qVnRMb3J0TVBuK1RHdz09,"바이오팝코리아 기술연구소 하드웨어, 분광기술 연구자 구인",https://www.saramin.co.kr/zf_user/jobs/relay/view?view_type=list&rec_idx=49427528,경력무관 · 정규직,학력무관,D-4,"기술지원, 이미지프로세싱, 임베디드, H/W, 라즈베리파이",186,101000
한국전자기술연구원,https://www.saramin.co.kr/zf_user/company-info/view-inner-recruit?csn=RFBPUm1hZVlRN2xwQjU1TXYzSVJsQT09,한국전자기술연구원 전문계약직 연구원 채용 공고,https://www.saramin.co.kr/zf_user/jobs/relay/view?view_type=list&rec_idx=49569138,신입 · 경력 · 계약직,고졸↑,D-2,"데이터분석가, 데이터엔지니어, 백엔드/서버개발, 앱개발, 웹개발",186,101000
(주)네오에이블,https://www.saramin.co.kr/zf_user/company-info/view-inner-recruit?csn=L1Nia1lobW50Zld2cHMwUy84VTh5Zz09,R&D연구개발원 모집 공고(정규직),https://www.saramin.co.kr/zf_user/jobs/relay/view?view_type=list&rec_idx=49575905,1 ~ 3년 · 정규직,"대학(2,3년)↑",~02.10(월),"라즈베리파이, C++, Python, 연구원, 임베디드",186,101000
(주)리주비놀,https://www.saramin.co.kr/zf_user/company-info/view-inner-recruit?csn=ejhianhvdUxLekhWbkNteVh4QkNHZz09,하드웨어 개발자 (경력),https://www.saramin.co.kr/zf_user/jobs/relay/view?view_type=list&rec_idx=49536658,경력 5년↑ · 정규직,대학교(4년)↑,~01.04(토),"영상처리, 컴퓨터비전, RTOS, AI(인공지능), 라즈베리파이",186,101000
(주)에어릭스,https://www.saramin.co.kr/zf_user/company-info/view-inner-recruit?csn=bmwrSWU0RVYyb0JJNlg3K3NRVGF1Zz09,[개발팀장] IoT 플랫폼 개발 및 유지보수,https://www.saramin.co.kr/zf_user/jobs/relay/view?view_type=list&rec_idx=49442158,경력 5년↑ · 정규직,대학교(4년)↑,~01.20(월),"솔루션, IoT, 라즈베리파이, AWS, Docker",186,101000
(주)큐센텍,https://www.saramin.co.kr/zf_user/company-info/view-inner-recruit?csn=UDBxR2pkYmlOVXB3VnNHN01iZzBQUT09,"(경력) 응용소프트웨어 개발자 정규직 채용 (C#, 델파이등)",https://www.saramin.co.kr/zf_user/jobs/relay/view?view_type=list&rec_idx=49513944,3 ~ 15년 · 정규직,고졸↑,~01.02(목),"SI개발, 알고리즘, IoT, .NET, 라즈베리파이",186,101000
㈜리버트론,https://www.saramin.co.kr/zf_user/company-info/view-inner-recruit?csn=aGRnNnRwMDJOSHBEMFVJYTA1eldUQT09,[정규직] 소프트웨어 개발,https://www.saramin.co.kr/zf_user/jobs/relay/view?view_type=list&rec_idx=49505366,경력무관 · 정규직,대학교(4년)↑,~12.31(화),"기술지원, 백엔드/서버개발, 유지보수, 프론트엔드, SE(시스템엔지니어)",186,101000
,,"연구 개발 채용공고(하드웨어, 기구설계, 펌웨어)",https://www.saramin.co.kr/zf_user/jobs/relay/view?view_type=list&rec_idx=49494461,경력 5년↑ · 정규직,대학교(4년)↑,~01.28(화),"앱개발, 임베디드, 펌웨어, H/W, MCU",186,101000
(유)삼송,https://www.saramin.co.kr/zf_user/company-info/view-inner-recruit?csn=NFJzVzB0aTZKNVZNeHdOWjR3TkdKQT09,(유)삼송 SW/HW/SWQA 신입/경력직 모집,https://www.saramin.co.kr/zf_user/jobs/relay/view?view_type=list&rec_idx=49424005,신입 · 경력 · 정규직,학력무관,D-3,"QA/테스터, H/W, IoT, RTOS, S/W",186,101000
주식회사 몹티콘,https://www.saramin.co.kr/zf_user/company-info/view-inner-recruit?csn=djB2aVJNYy9INFBOWlRMN0oxMG5CZz09,스마트 교통 시스템/임베디드 S/W 개발자 채용,https://www.saramin.co.kr/zf_user/jobs/relay/view?view_type=list&rec_idx=49414507,경력무관 · 정규직,대학교(4년)↑,D-5,"임베디드, 펌웨어, 라즈베리파이, Linux, 임베디드리눅스",186,101000
포스텍네트웍스(주),https://www.saramin.co.kr/zf_user/company-info/view-inner-recruit?csn=SDJXMDFvY0JHRmYxbjdmWEVRUVhJdz09,LED전광판 SW/HW 개발팀 연구원 정규직 모집(경력),https://www.saramin.co.kr/zf_user/jobs/relay/view?view_type=list&rec_idx=49356790,경력(년수무관) · 정규직,대학교(4년)↑,~01.06(월),"기술지원, 유지보수, SI개발, 정보통신, H/W",186,101000
커리어커넥트(주),https://www.saramin.co.kr/zf_user/company-info/view-inner-recruit?csn=Ny9kZ3lmeXlIMzU0RWNGMGNzdGsyZz09,[P] 코스닥 의료장비 임베디드 리눅스 펌웨어 개발,https://www.saramin.co.kr/zf_user/jobs/relay/view?view_type=list&rec_idx=49581924,경력 10년↑ · 정규직,"대학(2,3년)↑",~01.12(일),"임베디드, 펌웨어, MCU, 인터페이스, 라즈베리파이",186,101000
커리어커넥트(주),https://www.saramin.co.kr/zf_user/company-info/view-inner-recruit?csn=Ny9kZ3lmeXlIMzU0RWNGMGNzdGsyZz09,[P] 코스닥 의료기기 펌웨어 개발,https://www.saramin.co.kr/zf_user/jobs/relay/view?view_type=list&rec_idx=49581919,경력 10년↑ · 정규직,"대학(2,3년)↑",~01.12(일),"펌웨어, FPGA, MCU, RTOS, 라즈베리파이",186,101000
(주)넥스트테크,https://www.saramin.co.kr/zf_user/company-info/view-inner-recruit?csn=YnR1SjMwcHBVSDFJWnBFTTNTcjM4UT09,임베디드 개발자 구인합니다 신입/경력 채용,https://www.saramin.co.kr/zf_user/jobs/relay/view?view_type=list&rec_idx=49498951,신입 · 경력 · 정규직,"대학(2,3년)↑",~12.28(토),"백엔드/서버개발, 웹개발, 임베디드, RTOS, 그누보드",186,108000
(주)엔엔에프텍,https://www.saramin.co.kr/zf_user/company-info/view-inner-recruit?csn=M09UdTBXQmd2dnBweDVXUk42eVk2Zz09,소프트웨어 개발자 (사용언어 C),https://www.saramin.co.kr/zf_user/jobs/relay/view?view_type=list&rec_idx=49541322,신입 · 정규직,고졸↑,~01.05(일),"임베디드, 펌웨어, MCU, RTOS, S/W",186,105000
(주)레인보우로보틱스,https://www.saramin.co.kr/zf_user/company-info/view-inner-recruit?csn=ZjlzdDNGQTdRVE1GSi9wY2FSVmJsZz09,(주)레인보우로보틱스 연구소 임베디드 SW / 펌웨어 개발자 채용,https://www.saramin.co.kr/zf_user/jobs/relay/view?view_type=list&rec_idx=49373423,2 ~ 5년 · 정규직,석사↑,채용시,"임베디드, 라즈베리파이, 아두이노, 임베디드리눅스, S/W",186,105000
,,(정규직&계약직) Iot/firmware  경력무관 모집 공고,https://www.saramin.co.kr/zf_user/jobs/relay/view?view_type=list&rec_idx=49397612,경력무관 · 정규직 외,학력무관,상시채용,"앱개발, 웹개발, 임베디드, 펌웨어, IoT",186,105000
,,개발자 [AI·IOT ] /대전근무,https://www.saramin.co.kr/zf_user/jobs/relay/view?view_type=list&rec_idx=49369794,경력(년수무관) · 정규직 외,대학교(4년)↑,상시채용,"백엔드/서버개발, 웹개발, 머신러닝, 영상처리, 음성인식",186,105000
㈜마루이엔지,https://www.saramin.co.kr/zf_user/company-info/view-inner-recruit?csn=VFA4dzNwNEoreGZSS1lWemlXcUxCdz09,[상시채용] 소프트웨어 설계 및 개발 엔지니어 채용 공고,https://www.saramin.co.kr/zf_user/jobs/relay/view?view_type=list&rec_idx=49480288,경력 2년↑ · 정규직,"대학(2,3년)↑",~12.27(금),"앱개발, 웹개발, 유지보수, 프론트엔드, QA/테스터",186,105000
한국전자기술연구원,https://www.saramin.co.kr/zf_user/company-info/view-inner-recruit?csn=RFBPUm1hZVlRN2xwQjU1TXYzSVJsQT09,한국전자기술연구원 전문계약직 연구원 채용 공고,https://www.saramin.co.kr/zf_user/jobs/relay/view?view_type=list&rec_idx=49569138,신입 · 경력 · 계약직,고졸↑,D-2,"데이터분석가, 데이터엔지니어, 백엔드/서버개발, 앱개발, 웹개발",186,113000
알고스,https://www.saramin.co.kr/zf_user/company-info/view-inner-recruit?csn=S2VHUjY2OE9wOWI1OGVHQkx2a0dtdz09,함께 일할 경력 개발자 모집합니다.,https://www.saramin.co.kr/zf_user/jobs/relay/view?view_type=list&rec_idx=49422421,경력 3년↑ · 정규직,"대학(2,3년)↑",D-3,"데이터분석가, 데이터엔지니어, 백엔드/서버개발, 앱개발, 웹개발",186,113000
(주)디엔솔루션즈,https://www.saramin.co.kr/zf_user/company-info/view-inner-recruit?csn=MVNXQWNUOSs1ZlRBM05aMHpwNDBYdz09,2024년 DN솔루션즈 경력사원 수시채용,https://www.saramin.co.kr/zf_user/jobs/relay/view?view_type=list&rec_idx=49540111,경력 · 정규직,대학교(4년)↑,D-7,"데이터분석가, 데이터엔지니어, 백엔드/서버개발, 보안컨설팅, 웹개발",320,101000
(주)유플러스아이티,https://www.saramin.co.kr/zf_user/company-info/view-inner-recruit?csn=M0tiRHdsK2xQcHUyc2xxR08xdVZzUT09,[전기차 충전기] 임베디드 리눅스 애플리케이션 개발,https://www.saramin.co.kr/zf_user/jobs/relay/view?view_type=list&rec_idx=49372307,3 ~ 10년 · 정규직,대학교(4년)↑,채용시,"임베디드, S/W, C++, 임베디드리눅스, API",320,101000
마키타엔지니어링코리아(주),https://www.saramin.co.kr/zf_user/company-info/view-inner-recruit?csn=ZnpxaU5yTCtsMkRMRTZ3QmJ1YWVaZz09,Software/Hardware개발연구원 모집,https://www.saramin.co.kr/zf_user/jobs/relay/view?view_type=list&rec_idx=49496173&adsCategoryItem=effect_bold&,경력 · 정규직,학력무관,내일마감,"QA/테스터, SE(시스템엔지니어), 알고리즘, 임베디드, 펌웨어",320,101000
(주)디알젬,https://www.saramin.co.kr/zf_user/company-info/view-inner-recruit?csn=Ti9ncXJFYWc3eWZheTJTT3g1MktoQT09,본사 각 부문별 채용,https://www.saramin.co.kr/zf_user/jobs/relay/view?view_type=list&rec_idx=49527658&adsCategoryItem=effect_bold&,신입 · 경력 · 정규직,"대학(2,3년)↑",D-5,"앱개발, QA/테스터, SE(시스템엔지니어), 머신러닝, 알고리즘",320,101000
(주)에스티에이테스팅컨설팅,https://www.saramin.co.kr/zf_user/company-info/view-inner-recruit?csn=Ui81RmNpblpZdG5VM2ZiWkFwVFZsQT09,[ISTQB 교육/자격시험 지원]SW 테스트 엔지니어 모집,https://www.saramin.co.kr/zf_user/jobs/relay/view?view_type=list&rec_idx=49578003&adsCategoryItem=effect_bold&,신입 · 경력 · 정규직,"대학(2,3년)↑",~12.24(화),"게임개발, 기술지원, 데이터분석가, 데이터엔지니어, 백엔드/서버개발",320,101000
퀄리티아(주),https://www.saramin.co.kr/zf_user/company-info/view-inner-recruit?csn=SklsK3NvUEQ5dTYxSnFtWGRkbTRLdz09,소프트웨어 기술지원/유지보수 신입/경력(2년이하) 채용,https://www.saramin.co.kr/zf_user/jobs/relay/view?view_type=list&rec_idx=49586121,신입 · 경력 · 정규직,"대학(2,3년)↑",~01.13(월),"기술지원, 백엔드/서버개발, 보안컨설팅, 유지보수, 솔루션",320,101000
(주)에이치에스오코리아,https://www.saramin.co.kr/zf_user/company-info/view-inner-recruit?csn=Rmxwd0FMeXhqWjlLRFpzQTRybnBoUT09,MS Dynamics ERP 개발자 모집 [HSO 한국지사],https://www.saramin.co.kr/zf_user/jobs/relay/view?view_type=list&rec_idx=49583072,경력 2년↑ · 정규직,"대학(2,3년)↑",~01.12(일),"데이터엔지니어, 백엔드/서버개발, 유지보수, 퍼블리셔, CISO",320,101000
(주)우리기술,https://www.saramin.co.kr/zf_user/company-info/view-inner-recruit?csn=ODluZHM4aGNTNDNjTWlFRHcyUHQwQT09,원자력 HW개발/SW개발/철도사업엔지니어/구매생산 분야 채용 모집,https://www.saramin.co.kr/zf_user/jobs/relay/view?view_type=list&rec_idx=49523729&adsCategoryItem=effect_bold&,신입 · 경력 · 정규직,대학교(4년)↑,~12.31(화),"백엔드/서버개발, 보안컨설팅, 앱개발, 정보보안, 프론트엔드",320,101000
(주)소테리아,https://www.saramin.co.kr/zf_user/company-info/view-inner-recruit?csn=dVJhOXlRMVhOQ0xEcENicFVzbzN4UT09,S/W 개발 엔지니어 채용 [ASIC],https://www.saramin.co.kr/zf_user/jobs/relay/view?view_type=list&rec_idx=49574127,경력 8년↑ · 정규직,대학교(4년)↑,~01.11(토),"블록체인, 알고리즘, 임베디드, 펌웨어, RTOS",320,101000
(주)알에프메디컬,https://www.saramin.co.kr/zf_user/company-info/view-inner-recruit?csn=dTVIN2FFOWJlUDRqSklXdnNxS1JMUT09,의료기기 전자개발 H/W 부문 담당 채용,https://www.saramin.co.kr/zf_user/jobs/relay/view?view_type=list&rec_idx=49554148,3 ~ 10년 · 정규직,대학교(4년)↑,~01.11(토),"DBA, 임베디드, H/W, OracleDB, SQL",320,101000
(주)소테리아,https://www.saramin.co.kr/zf_user/company-info/view-inner-recruit?csn=dVJhOXlRMVhOQ0xEcENicFVzbzN4UT09,H/W 개발 엔지니어 채용 [ASIC],https://www.saramin.co.kr/zf_user/jobs/relay/view?view_type=list&rec_idx=49574119,경력 8년↑ · 정규직,대학교(4년)↑,~01.11(토),"임베디드, H/W, MCU, 그누보드, 임베디드리눅스",320,101000
에스디티(주),https://www.saramin.co.kr/zf_user/company-info/view-inner-recruit?csn=bEtIK3RvdXNNNEFESHU5bHBsUWxGdz09,[기업부설연구소] DX 솔루션 하드웨어 개발 엔지니어,https://www.saramin.co.kr/zf_user/jobs/relay/view?view_type=list&rec_idx=49572351,2 ~ 10년 · 정규직,"대학(2,3년)↑",~01.10(금),"임베디드, 펌웨어, H/W, MCU, RTOS",320,101000
(주)알지에이아이엔씨,https://www.saramin.co.kr/zf_user/company-info/view-inner-recruit?csn=dzZCY05UTE4vcWY4alo1bWFrSk1OQT09,[RGA Inc.] 로봇 개발 연구원(기구설계/SLAM/AI/SW) 채용,https://www.saramin.co.kr/zf_user/jobs/relay/view?view_type=list&rec_idx=49504152,경력무관 · 정규직,대학교(4년)↑,~01.31(금),"딥러닝, 음성인식, 임베디드, 자율주행, S/W",320,101000
(주)알지에이아이엔씨,https://www.saramin.co.kr/zf_user/company-info/view-inner-recruit?csn=dzZCY05UTE4vcWY4alo1bWFrSk1OQT09,[RGA Inc.] 로봇 소프트웨어 플랫폼(책임/선임급) 개발 연구원,https://www.saramin.co.kr/zf_user/jobs/relay/view?view_type=list&rec_idx=49552431,경력무관 · 정규직,대학교(4년)↑,~01.31(금),"S/W, 임베디드리눅스, 로봇엔지니어, 개발PM, 네트워크",320,101000
(주)알지에이아이엔씨,https://www.saramin.co.kr/zf_user/company-info/view-inner-recruit?csn=dzZCY05UTE4vcWY4alo1bWFrSk1OQT09,[RGA Inc.] 로봇 AI 음성(책임/선임급) 개발 연구원,https://www.saramin.co.kr/zf_user/jobs/relay/view?view_type=list&rec_idx=49552644,경력무관 · 정규직,석사↑,~01.31(금),"음성인식, NLP(자연어처리), NLU(자연어이해), STT, TTS",320,101000
(주)한싹,https://www.saramin.co.kr/zf_user/company-info/view-inner-recruit?csn=RDExRU45aTViUEpZamdwV0pwNXllQT09,기술 엔지니어[솔루션 구축/교육/점검] 및  솔루션연구소 S/W 연구개발자(웹개발) 채용,https://www.saramin.co.kr/zf_user/jobs/relay/view?view_type=list&rec_idx=49552983,신입 · 경력 · 정규직,"대학(2,3년)↑",~12.24(화),"데이터엔지니어, 백엔드/서버개발, 보안컨설팅, 웹개발, 웹마스터",320,101000
(주)유니트론텍,https://www.saramin.co.kr/zf_user/company-info/view-inner-recruit?csn=SWJGTmxSUE11blBIR0VFL1ZtYlBxUT09,기업부설연구소 Application개발자 경력사원 채용,https://www.saramin.co.kr/zf_user/jobs/relay/view?view_type=list&rec_idx=49583774,3 ~ 12년 · 정규직,대학교(4년)↑,채용시,"미들웨어, 플러그인, 임베디드리눅스, 자율주행, H/W",320,101000
퍼솔켈리코리아(유),https://www.saramin.co.kr/zf_user/company-info/view-inner-recruit?csn=eGk1Y2lpcWZ1d0JYTndINTh1Vk8rdz09,[여의도/중국계기업] Field Service Engineer(신입가능/언어무관,https://www.saramin.co.kr/zf_user/jobs/relay/view?view_type=list&rec_idx=49419883,경력무관 · 계약직 외,대학교(4년)↑,채용시,"기술지원, 백엔드/서버개발, 유지보수, 정보보안, SE(시스템엔지니어)",320,101000
(주)엑스오비스,https://www.saramin.co.kr/zf_user/company-info/view-inner-recruit?csn=cldka05Hc1JGSjRxdHVpZ0ROcXh2UT09,Physical Computing 개발 연구원 채용,https://www.saramin.co.kr/zf_user/jobs/relay/view?view_type=list&rec_idx=49568628,2 ~ 6년 · 정규직,대학교(4년)↑,~01.09(목),"임베디드, H/W, 임베디드리눅스, S/W",320,101000
(주)비알랩,https://www.saramin.co.kr/zf_user/company-info/view-inner-recruit?csn=QU11K1liWkxnd1FFZFQ3dGZsbVg0Zz09,임베디드 Embedded ARM Linux,https://www.saramin.co.kr/zf_user/jobs/relay/view?view_type=list&rec_idx=49510642,7 ~ 20년 · 정규직,대학교(4년)↑,~12.31(화),"임베디드, H/W, S/W, C++, C언어",320,101000
(주)비알랩,https://www.saramin.co.kr/zf_user/company-info/view-inner-recruit?csn=QU11K1liWkxnd1FFZFQ3dGZsbVg0Zz09,하드웨어 개발자 채용,https://www.saramin.co.kr/zf_user/jobs/relay/view?view_type=list&rec_idx=49510501,7 ~ 20년 · 정규직,대학교(4년)↑,~12.31(화),"임베디드, H/W, 임베디드리눅스, PCB, 솔루션",320,101000
(주)비전테크,https://www.saramin.co.kr/zf_user/company-info/view-inner-recruit?csn=YUphdWc4YXA2Mzl1cDJvUWdnakgxZz09,[방화벽] (서울)보안엔지니어 채용,https://www.saramin.co.kr/zf_user/jobs/relay/view?view_type=list&rec_idx=49535292,경력 3년↑ · 정규직,"대학(2,3년)↑",~01.04(토),"네트워크, 방화벽, 솔루션, DLP, VPN",320,101000
에스디티(주),https://www.saramin.co.kr/zf_user/company-info/view-inner-recruit?csn=bEtIK3RvdXNNNEFESHU5bHBsUWxGdz09,[강남/선릉][기업부설연구소] 하드웨어 설계 엔지니어,https://www.saramin.co.kr/zf_user/jobs/relay/view?view_type=list&rec_idx=49417951,2 ~ 10년 · 정규직,"대학(2,3년)↑",D-2,"임베디드, H/W, 임베디드리눅스, OrCAD, 생산",320,101000
에스디티(주),https://www.saramin.co.kr/zf_user/company-info/view-inner-recruit?csn=bEtIK3RvdXNNNEFESHU5bHBsUWxGdz09,[기업부설연구소] DX 솔루션 펌웨어(F/W) 개발 엔지니어,https://www.saramin.co.kr/zf_user/jobs/relay/view?view_type=list&rec_idx=49520932,1 ~ 10년 · 정규직,"대학(2,3년)↑",~01.02(목),"임베디드, 펌웨어, H/W, MCU, RTOS",320,101000
(주)칩스앤미디어,https://www.saramin.co.kr/zf_user/company-info/view-inner-recruit?csn=Y0JzZzE0dzhHaFl6OXJVb1RFdDNsQT09,[대구연구소] 반도체 RTL Engineer (경력직),https://www.saramin.co.kr/zf_user/jobs/relay/view?view_type=list&rec_idx=49576286,5 ~ 16년 · 정규직,대학교(4년)↑,~01.14(화),"SE(시스템엔지니어), 이미지프로세싱, 임베디드, FPGA, H/W",320,101000
(주)칩스앤미디어,https://www.saramin.co.kr/zf_user/company-info/view-inner-recruit?csn=Y0JzZzE0dzhHaFl6OXJVb1RFdDNsQT09,[반도체IP 개발사] RTL Design/Verification Engineer,https://www.saramin.co.kr/zf_user/jobs/relay/view?view_type=list&rec_idx=49576279,9 ~ 16년 · 정규직,대학교(4년)↑,~01.14(화),"웹개발, SE(시스템엔지니어), 임베디드, FPGA, H/W",320,101000
(주)칩스앤미디어,https://www.saramin.co.kr/zf_user/company-info/view-inner-recruit?csn=Y0JzZzE0dzhHaFl6OXJVb1RFdDNsQT09,FW Engineer,https://www.saramin.co.kr/zf_user/jobs/relay/view?view_type=list&rec_idx=49576269,9 ~ 16년 · 정규직,대학교(4년)↑,~01.14(화),"임베디드, 펌웨어, H/W, C++, C언어",320,101000
큐어스트림(주),https://www.saramin.co.kr/zf_user/company-info/view-inner-recruit?csn=ZUR1ak1pbExPNlRlbHZtVTV4eEtzZz09,SW개발팀 채용(프론트앤드&Firmware&SW QA & SW RA),https://www.saramin.co.kr/zf_user/jobs/relay/view?view_type=list&rec_idx=49576137,신입 · 경력 · 정규직,학력무관,~02.10(월),"앱개발, 웹표준·웹접근성, 임베디드, 크로스브라우징, MCU",320,101000
(주)세온이앤에스,https://www.saramin.co.kr/zf_user/company-info/view-inner-recruit?csn=K1M2Wk5HNFJLMWhacDdtZFdsNmxnZz09,임베디드 소프트웨어개발 엔지니어 모집(경력),https://www.saramin.co.kr/zf_user/jobs/relay/view?view_type=list&rec_idx=49542513,신입 · 경력 · 정규직,대학교(4년)↑,~01.08(수),"기술지원, 데이터분석가, 데이터엔지니어, 앱개발, SE(시스템엔지니어)",320,101000
(주)세온이앤에스,https://www.saramin.co.kr/zf_user/company-info/view-inner-recruit?csn=K1M2Wk5HNFJLMWhacDdtZFdsNmxnZz09,임베디드 소프트웨어 테스트 엔지니어 모집(신입),https://www.saramin.co.kr/zf_user/jobs/relay/view?view_type=list&rec_idx=49542537,신입 · 경력 · 정규직,대학교(4년)↑,~01.08(수),"기술지원, 데이터분석가, 데이터엔지니어, 앱개발, SE(시스템엔지니어)",320,101000
(주)세온이앤에스,https://www.saramin.co.kr/zf_user/company-info/view-inner-recruit?csn=K1M2Wk5HNFJLMWhacDdtZFdsNmxnZz09,임베디드 소프트웨어 테스트 엔지니어 모집(경력),https://www.saramin.co.kr/zf_user/jobs/relay/view?view_type=list&rec_idx=49542728,신입 · 경력 · 정규직,대학교(4년)↑,~01.08(수),"기술지원, 데이터분석가, 데이터엔지니어, 앱개발, SE(시스템엔지니어)",320,101000
(주)세온이앤에스,https://www.saramin.co.kr/zf_user/company-info/view-inner-recruit?csn=K1M2Wk5HNFJLMWhacDdtZFdsNmxnZz09,임베디드 소프트웨어개발 엔지니어 모집(신입),https://www.saramin.co.kr/zf_user/jobs/relay/view?view_type=list&rec_idx=49542371,신입 · 경력 · 정규직,대학교(4년)↑,~01.08(수),"기술지원, 데이터분석가, 데이터엔지니어, 앱개발, SE(시스템엔지니어)",320,101000
(주)세온이앤에스,https://www.saramin.co.kr/zf_user/company-info/view-inner-recruit?csn=K1M2Wk5HNFJLMWhacDdtZFdsNmxnZz09,Automotive SPICE & ISO 26262 모집(신입),https://www.saramin.co.kr/zf_user/jobs/relay/view?view_type=list&rec_idx=49542839,신입 · 경력 · 정규직,대학교(4년)↑,~01.08(수),"기술지원, 데이터분석가, 데이터엔지니어, 앱개발, SE(시스템엔지니어)",320,101000
(주)세온이앤에스,https://www.saramin.co.kr/zf_user/company-info/view-inner-recruit?csn=K1M2Wk5HNFJLMWhacDdtZFdsNmxnZz09,Automotive SPICE & ISO 26262 모집(경력),https://www.saramin.co.kr/zf_user/jobs/relay/view?view_type=list&rec_idx=49542908,신입 · 경력 · 정규직,대학교(4년)↑,~01.08(수),"기술지원, 데이터분석가, 데이터엔지니어, 앱개발, SE(시스템엔지니어)",320,101000
(주)인티그리트,https://www.saramin.co.kr/zf_user/company-info/view-inner-recruit?csn=ZFJmWkFkV3FzaGl0ckpMY1RHSGpnZz09,"[지능형 로보틱스 플랫폼] AI 플랫폼,디바이스S/W, 펌웨어 개발",https://www.saramin.co.kr/zf_user/jobs/relay/view?view_type=list&rec_idx=49556133,신입 · 경력 · 정규직,학력무관,~01.08(수),"딥러닝, 머신러닝, 솔루션, 임베디드, 자율주행",320,101000
,,(주)하이파킹 주차장 개발자 채용(Mobility Hub Platform),https://www.saramin.co.kr/zf_user/jobs/relay/view?view_type=list&rec_idx=49459393,경력무관 · 정규직,대학교(4년)↑,~12.25(수),"백엔드/서버개발, 웹개발, 프론트엔드, 네트워크, 데이터시각화",320,101000
리얼텍코리아(주),https://www.saramin.co.kr/zf_user/company-info/view-inner-recruit?csn=SFJrSlNPSGRUL2piRFhVT1JveTltZz09,IoT SW엔지니어 (FAE) 경력채용,https://www.saramin.co.kr/zf_user/jobs/relay/view?view_type=list&rec_idx=49318097,3 ~ 10년 · 정규직,대학교(4년)↑,~12.31(화),"기술지원, 데이터분석가, 데이터엔지니어, 앱개발, 웹개발",320,101000
새솔테크(주),https://www.saramin.co.kr/zf_user/company-info/view-inner-recruit?csn=V1JmdENhY1FtZWYreTcxWXM4cHZZdz09,[새솔테크] 임베디드 보안 소프트웨어 개발자 채용,https://www.saramin.co.kr/zf_user/jobs/relay/view?view_type=list&rec_idx=49461092,경력 5년↑ · 정규직,대학교(4년)↑,채용시,"임베디드, C#, C++, C언어, Linux",320,101000
(주)엠쓰리모바일,https://www.saramin.co.kr/zf_user/company-info/view-inner-recruit?csn=RGpyRExYcGNtU295clltZ1pLQjdCUT09,(주)엠쓰리모바일 HW팀 RF엔지니어담당 경력직원 채용,https://www.saramin.co.kr/zf_user/jobs/relay/view?view_type=list&rec_idx=49565456,5 ~ 7년 · 정규직,대학교(4년)↑,~01.10(금),"SE(시스템엔지니어), 네트워크, 음성인식, 임베디드, 정보통신",320,101000
캐논코리아 주식회사,https://www.saramin.co.kr/zf_user/company-info/view-inner-recruit?csn=U0dVcGtWbXI4T0s2MlhCS2FjK0RqZz09,2024년 12월 캐논코리아 신입사원(채용연계형인턴)모집,https://www.saramin.co.kr/zf_user/jobs/relay/view?view_type=list&rec_idx=49524700,신입 · 인턴직,대학교(4년)↑,23시 마감,"데이터엔지니어, 백엔드/서버개발, 보안컨설팅, 앱개발, 웹개발",320,101000
(주)하이로닉,https://www.saramin.co.kr/zf_user/company-info/view-inner-recruit?csn=NHZKbDM5WFZicTMrM250VEJpS3FCdz09,코스닥 상장사] 각 분야 인재 모집 (신입/경력),https://www.saramin.co.kr/zf_user/jobs/relay/view?view_type=list&rec_idx=49539105,신입 · 경력 · 정규직,"대학(2,3년)↑",D-5,"임베디드, 정보통신, 펌웨어, MCU, S/W",320,101000
(주)코어시큐리티,https://www.saramin.co.kr/zf_user/company-info/view-inner-recruit?csn=NEtiYkpzdi94L1RsWEl0M0k0VUNUdz09,위협기술연구 담당자 채용,https://www.saramin.co.kr/zf_user/jobs/relay/view?view_type=list&rec_idx=49554749,신입 · 경력 · 정규직,고졸↑,~01.07(화),"기술지원, 데이터분석가, 보안컨설팅, 정보보안, 모의해킹",320,101000
,,임베디드(펌웨어) 개발자,https://www.saramin.co.kr/zf_user/jobs/relay/view?view_type=list&rec_idx=49555469,1 ~ 20년 · 정규직,학력무관,~01.07(화),"SE(시스템엔지니어), 임베디드, H/W, MCU, Linux",320,101000
(주)한영넉스,https://www.saramin.co.kr/zf_user/company-info/view-inner-recruit?csn=aEFKVlIzcHZwM1hMVlJSUXJaZXh2Zz09,한영넉스 AI연구소 - Python 어플리케이션 개발자 채용,https://www.saramin.co.kr/zf_user/jobs/relay/view?view_type=list&rec_idx=49564746,경력 3년↑ · 정규직,대학교(4년)↑,~01.09(목),"Windows, C++, 임베디드리눅스, 임베디드, C#",320,101000
주식회사 엠티오메가,https://www.saramin.co.kr/zf_user/company-info/view-inner-recruit?csn=cjRwSmZ6aDVqY0FFWFB6N1E4S2Ntdz09,차량용 전자 제품의 SW 개발,https://www.saramin.co.kr/zf_user/jobs/relay/view?view_type=list&rec_idx=49560566,10 ~ 19년 · 정규직,대학교(4년)↑,~01.09(목),"C++, C언어, 임베디드리눅스, 펌웨어",320,101000
(주)디퍼아이,https://www.saramin.co.kr/zf_user/company-info/view-inner-recruit?csn=Z3I5aDN5UXovSjdhUmREODVmRW9IQT09,[디퍼아이] 인공지능 딥러닝 임베디드 SW 개발자 채용,https://www.saramin.co.kr/zf_user/jobs/relay/view?view_type=list&rec_idx=49273625,경력무관 · 정규직,학력무관,~12.24(화),"앱개발, 웹개발, 프론트엔드, 데이터라벨링, 딥러닝",320,101000
(주)테솔로,https://www.saramin.co.kr/zf_user/company-info/view-inner-recruit?csn=ays0dlhWcWl1YjNwUGx4WjVRaFdodz09,로봇/로보틱스 임베디드 엔지니어(인턴/신입/경력/전문연구요원),https://www.saramin.co.kr/zf_user/jobs/relay/view?view_type=list&rec_idx=49472130,신입 · 경력 · 정규직 외,대학교(4년)↑,~12.31(화),"알고리즘, 임베디드, 펌웨어, API, H/W",320,101000
(주)테솔로,https://www.saramin.co.kr/zf_user/company-info/view-inner-recruit?csn=ays0dlhWcWl1YjNwUGx4WjVRaFdodz09,로봇/로보틱스 S/W 엔지니어 모집(인턴/신입/경력/전문연구요원),https://www.saramin.co.kr/zf_user/jobs/relay/view?view_type=list&rec_idx=49472136,신입 · 경력 · 정규직 외,대학교(4년)↑,~12.31(화),"백엔드/서버개발, SE(시스템엔지니어), SI개발, 알고리즘, 임베디드",320,101000
(주)제이씨에프테크놀러지,https://www.saramin.co.kr/zf_user/company-info/view-inner-recruit?csn=RWI1YmxqanhhTHB3b0JOaGZ0akpPUT09,임베디드 Linux 응용 S/W BSP 개발자,https://www.saramin.co.kr/zf_user/jobs/relay/view?view_type=list&rec_idx=49557321,5 ~ 10년 · 정규직,"대학(2,3년)↑",~01.08(수),"임베디드리눅스, R&D, 임베디드, S/W, C++",320,101000
(주)포인트모바일,https://www.saramin.co.kr/zf_user/company-info/view-inner-recruit?csn=eDF1VzBmN0xqenZWWXhGcEJXL1BGZz09,모바일 결제 솔루션 개발자 신입/경력 채용,https://www.saramin.co.kr/zf_user/jobs/relay/view?view_type=list&rec_idx=49555466,신입 · 경력 · 정규직,대학교(4년)↑,~01.08(수),"앱개발, 정보보안, 프론트엔드, SE(시스템엔지니어), 임베디드",320,101000
(주)럭스로보,https://www.saramin.co.kr/zf_user/company-info/view-inner-recruit?csn=dXJUdkZWMm1IYnZ1ejFleWQxbkpSQT09,FW개발자(차량제어시스템),https://www.saramin.co.kr/zf_user/jobs/relay/view?view_type=list&rec_idx=49540218,2 ~ 12년 · 정규직,대학교(4년)↑,~01.05(일),"임베디드, H/W, C++, C언어, Git",320,101000
현대오토에버(주),https://www.saramin.co.kr/zf_user/company-info/view-inner-recruit?csn=TVUrT2lHWkZvZGZWU1RmQ2N6K1RMQT09,차량SW · ICT · 경영지원 부문 채용,https://www.saramin.co.kr/zf_user/jobs/relay/view?view_type=list&rec_idx=47669139,경력 · 정규직 외,학력무관,상시채용,"기술지원, 데이터분석가, 백엔드/서버개발, 보안컨설팅, 정보보안",320,101000
(주)큐드,https://www.saramin.co.kr/zf_user/company-info/view-inner-recruit?csn=aUZlTUJnblBmbHloYW9tK2d2Smg1dz09,지역별 S/W 테스트 엔지니어 모집,https://www.saramin.co.kr/zf_user/jobs/relay/view?view_type=list&rec_idx=49465621,경력 · 정규직,"대학(2,3년)↑",오늘마감,"기술지원, 데이터엔지니어, 백엔드/서버개발, 유지보수, QA/테스터",320,101000
아우토크립트(주),https://www.saramin.co.kr/zf_user/company-info/view-inner-recruit?csn=OE4xc2N4QUhjZUtyQ1B2MEwyR0xxZz09,기술지원 리더,https://www.saramin.co.kr/zf_user/jobs/relay/view?view_type=list&rec_idx=49536592,경력 5년↑ · 정규직,대학교(4년)↑,~02.03(월),"기술지원, 네트워크, 임베디드, C++, Java",320,101000
오션스바이오(주),https://www.saramin.co.kr/zf_user/company-info/view-inner-recruit?csn=Zmt2WTY0Vk1IMkQ0Ukkra1RBdXExQT09,[경력] 의료기기 회로설계 엔지니어,https://www.saramin.co.kr/zf_user/jobs/relay/view?view_type=list&rec_idx=49540524,3 ~ 10년 · 정규직,대학교(4년)↑,~01.04(토),"임베디드, H/W, MCU, 임베디드리눅스, 회로설계",320,101000
오션스바이오(주),https://www.saramin.co.kr/zf_user/company-info/view-inner-recruit?csn=Zmt2WTY0Vk1IMkQ0Ukkra1RBdXExQT09,[경력] 의료기기 펌웨어 엔지니어,https://www.saramin.co.kr/zf_user/jobs/relay/view?view_type=list&rec_idx=49540562,3 ~ 10년 · 정규직,대학교(4년)↑,~01.04(토),"임베디드, 펌웨어, H/W, C언어, 임베디드리눅스",320,101000
(주)니어스랩,https://www.saramin.co.kr/zf_user/company-info/view-inner-recruit?csn=cUNDdzE1b3RvdjAvRUUwNjlFTGMwUT09,임베디드 소프트웨어 엔지니어(센서 통합),https://www.saramin.co.kr/zf_user/jobs/relay/view?view_type=list&rec_idx=49541593,3 ~ 10년 · 정규직,대학교(4년)↑,~01.05(일),"SE(시스템엔지니어), 임베디드, H/W, MCU, S/W",320,101000
(주)니어스랩,https://www.saramin.co.kr/zf_user/company-info/view-inner-recruit?csn=cUNDdzE1b3RvdjAvRUUwNjlFTGMwUT09,임베디드 소프트웨어 엔지니어(카메라&통신 모듈),https://www.saramin.co.kr/zf_user/jobs/relay/view?view_type=list&rec_idx=49541581,3 ~ 10년 · 정규직,대학교(4년)↑,~01.05(일),"임베디드, FPGA, H/W, MCU, S/W",320,101000
(주)씨브이네트,https://www.saramin.co.kr/zf_user/company-info/view-inner-recruit?csn=bmQwdGFjL0lVSlIwb01UbGFpL1VpZz09,[삼성계열사] 임베디드 S/W (안드로이드),https://www.saramin.co.kr/zf_user/jobs/relay/view?view_type=list&rec_idx=49535753,3 ~ 20년 · 정규직,대학교(4년)↑,~01.03(금),"앱개발, SE(시스템엔지니어), 임베디드, H/W, S/W",320,101000
(주)코라스로보틱스,https://www.saramin.co.kr/zf_user/company-info/view-inner-recruit?csn=L25VTkJRbS9wYXN2NS9tZFhHODJkdz09,(HW) 로봇  하드웨어 엔지니어,https://www.saramin.co.kr/zf_user/jobs/relay/view?view_type=list&rec_idx=49527337,신입 · 경력 · 정규직,대학교(4년)↑,~01.02(목),"임베디드, H/W, 임베디드리눅스, CAD",320,101000
(주)모빌린트,https://www.saramin.co.kr/zf_user/company-info/view-inner-recruit?csn=MXVlRDFrb2dtb3krZ042aTA5aU0rZz09,[전문연구원 가능] SoC Design Engineer,https://www.saramin.co.kr/zf_user/jobs/relay/view?view_type=list&rec_idx=49524460,신입 · 경력 · 정규직,대학교(4년)↑,~01.02(목),"웹개발, 임베디드, FPGA, H/W, C++",320,101000
(주)오버컴테크,https://www.saramin.co.kr/zf_user/company-info/view-inner-recruit?csn=REdDY3hLM1dkUE9lRlJGUFpJWmoxZz09,"[하드웨어[HW], FPGA] 기업부설연구소 HW 연구원 모집",https://www.saramin.co.kr/zf_user/jobs/relay/view?view_type=list&rec_idx=49520941,신입 · 경력 · 정규직,학력무관,~01.02(목),"임베디드, FPGA, H/W, 임베디드리눅스, 시스템설계",320,101000
(주)리주비놀,https://www.saramin.co.kr/zf_user/company-info/view-inner-recruit?csn=ejhianhvdUxLekhWbkNteVh4QkNHZz09,하드웨어 개발자 (경력),https://www.saramin.co.kr/zf_user/jobs/relay/view?view_type=list&rec_idx=49536658,경력 5년↑ · 정규직,대학교(4년)↑,~01.04(토),"영상처리, 컴퓨터비전, RTOS, AI(인공지능), 라즈베리파이",320,101000
(주)픽젠,https://www.saramin.co.kr/zf_user/company-info/view-inner-recruit?csn=UzRSbGNPMnpyUFBVR0l5QmVZd0I1Zz09,[테헤란로]  펌웨어 Firmware 연구원,https://www.saramin.co.kr/zf_user/jobs/relay/view?view_type=list&rec_idx=49536582,경력 7년↑ · 정규직,"대학(2,3년)↑",~01.19(일),"임베디드, 펌웨어, FPGA, H/W, RTOS",320,101000
(주)픽젠,https://www.saramin.co.kr/zf_user/company-info/view-inner-recruit?csn=UzRSbGNPMnpyUFBVR0l5QmVZd0I1Zz09,[테헤란로]  전자분야 hardware 연구원,https://www.saramin.co.kr/zf_user/jobs/relay/view?view_type=list&rec_idx=49536564,경력 7년↑ · 정규직,"대학(2,3년)↑",~01.19(일),"임베디드, 펌웨어, FPGA, H/W, RTOS",320,101000
(주)지슨,https://www.saramin.co.kr/zf_user/company-info/view-inner-recruit?csn=Mk1IN1EyOWRNcW5jMlM1Z0dST3NPZz09,2024년 연구 개발 (임베디드 시스템),https://www.saramin.co.kr/zf_user/jobs/relay/view?view_type=list&rec_idx=49535081,경력 3년↑ · 정규직,학력무관,상시채용,"임베디드, Linux, 임베디드리눅스, 기술연구, S/W",320,101000
(주)로보티즈,https://www.saramin.co.kr/zf_user/company-info/view-inner-recruit?csn=U1RmUDhEQ2tTb0dGZXNOSnB5clp4dz09,[로보티즈] 임베디드 FW 신규 엔지니어 채용,https://www.saramin.co.kr/zf_user/jobs/relay/view?view_type=list&rec_idx=49532944,경력무관 · 정규직 외,대학교(4년)↑,채용시,"임베디드, FPGA, MCU, RTOS, C언어",320,101000
오픈엣지테크놀로지(주),https://www.saramin.co.kr/zf_user/company-info/view-inner-recruit?csn=OWQ2YU82aGE2KzJsSi9lQmc3ZkRSUT09,[DRAM PHY] Silicon Validation Engineer,https://www.saramin.co.kr/zf_user/jobs/relay/view?view_type=list&rec_idx=49519322,5 ~ 15년 · 정규직,학력무관,~01.01(수),"임베디드, H/W, C언어, Python, 임베디드리눅스",320,101000
오픈엣지테크놀로지(주),https://www.saramin.co.kr/zf_user/company-info/view-inner-recruit?csn=OWQ2YU82aGE2KzJsSi9lQmc3ZkRSUT09,[Network-on-Chip] RTL Design Engineer,https://www.saramin.co.kr/zf_user/jobs/relay/view?view_type=list&rec_idx=49519363,8 ~ 15년 · 정규직,학력무관,~01.01(수),"웹개발, 프론트엔드, 임베디드, H/W, C언어",320,101000
오픈엣지테크놀로지(주),https://www.saramin.co.kr/zf_user/company-info/view-inner-recruit?csn=OWQ2YU82aGE2KzJsSi9lQmc3ZkRSUT09,[Memory Controller] RTL Design Engineer,https://www.saramin.co.kr/zf_user/jobs/relay/view?view_type=list&rec_idx=49519333,4 ~ 15년 · 정규직,대학교(4년)↑,~01.01(수),"임베디드, H/W, C++, C언어, Python",320,101000
오픈엣지테크놀로지(주),https://www.saramin.co.kr/zf_user/company-info/view-inner-recruit?csn=OWQ2YU82aGE2KzJsSi9lQmc3ZkRSUT09,[DRAM PHY] Digital Engineer,https://www.saramin.co.kr/zf_user/jobs/relay/view?view_type=list&rec_idx=49519329,8 ~ 15년 · 정규직,학력무관,~01.01(수),"임베디드, H/W, C언어, Python, 임베디드리눅스",320,101000
오픈엣지테크놀로지(주),https://www.saramin.co.kr/zf_user/company-info/view-inner-recruit?csn=OWQ2YU82aGE2KzJsSi9lQmc3ZkRSUT09,[DRAM PHY] Layout Engineer,https://www.saramin.co.kr/zf_user/jobs/relay/view?view_type=list&rec_idx=49519356,4 ~ 15년 · 정규직,대학교(4년)↑,~01.01(수),"임베디드, H/W, C언어, Python, 임베디드리눅스",320,101000
오픈엣지테크놀로지(주),https://www.saramin.co.kr/zf_user/company-info/view-inner-recruit?csn=OWQ2YU82aGE2KzJsSi9lQmc3ZkRSUT09,[System Architect] Topology Design & Technical Support Engineer,https://www.saramin.co.kr/zf_user/jobs/relay/view?view_type=list&rec_idx=49519321,신입 · 경력 · 정규직,학력무관,~01.01(수),"기술지원, 임베디드, H/W, Python, 임베디드리눅스",320,101000
오픈엣지테크놀로지(주),https://www.saramin.co.kr/zf_user/company-info/view-inner-recruit?csn=OWQ2YU82aGE2KzJsSi9lQmc3ZkRSUT09,[Verification] IP Verification Engineer,https://www.saramin.co.kr/zf_user/jobs/relay/view?view_type=list&rec_idx=49519229,4 ~ 14년 · 정규직,학력무관,~01.01(수),"임베디드, H/W, C++, C언어, Python",320,101000
오픈엣지테크놀로지(주),https://www.saramin.co.kr/zf_user/company-info/view-inner-recruit?csn=OWQ2YU82aGE2KzJsSi9lQmc3ZkRSUT09,[NPU] Linux Device Driver Engineer,https://www.saramin.co.kr/zf_user/jobs/relay/view?view_type=list&rec_idx=49519340,신입 · 경력 · 정규직,석사↑,~01.01(수),"SE(시스템엔지니어), 딥러닝, 머신러닝, 빅데이터, 임베디드",320,101000
오픈엣지테크놀로지(주),https://www.saramin.co.kr/zf_user/company-info/view-inner-recruit?csn=OWQ2YU82aGE2KzJsSi9lQmc3ZkRSUT09,[DRAM PHY] Analog Engineer,https://www.saramin.co.kr/zf_user/jobs/relay/view?view_type=list&rec_idx=49519255,4 ~ 15년 · 정규직,대학교(4년)↑,~01.01(수),"임베디드, H/W, C언어, Python, 임베디드리눅스",320,101000
오픈엣지테크놀로지(주),https://www.saramin.co.kr/zf_user/company-info/view-inner-recruit?csn=OWQ2YU82aGE2KzJsSi9lQmc3ZkRSUT09,[DRAM PHY] SI/PI Engineer,https://www.saramin.co.kr/zf_user/jobs/relay/view?view_type=list&rec_idx=49519245,신입 · 경력 · 정규직,학력무관,~01.01(수),"임베디드, H/W, C언어, Python, 임베디드리눅스",320,101000
(주)애니랙티브,https://www.saramin.co.kr/zf_user/company-info/view-inner-recruit?csn=b2M2dVRhMk5wN3Q3dUoyc0J3ZmM1dz09,임베디드 시스템 개발자 신입 및 경력 채용,https://www.saramin.co.kr/zf_user/jobs/relay/view?view_type=list&rec_idx=49497930,신입 · 경력 · 정규직,"대학(2,3년)↑",~01.01(수),"SE(시스템엔지니어), 임베디드, 펌웨어, H/W, C++",320,101000
우나스텔라(주),https://www.saramin.co.kr/zf_user/company-info/view-inner-recruit?csn=S0FHNk1jQVdtYk03blZQVTRUejJzQT09,[우나스텔라] 발사체 시스템 소프트웨어 엔지니어 채용,https://www.saramin.co.kr/zf_user/jobs/relay/view?view_type=list&rec_idx=49522734,신입 · 경력 · 정규직,대학교(4년)↑,~01.07(화),"임베디드, 펌웨어, H/W, MCU, RTOS",320,101000
(주)엔에스티정보통신,https://www.saramin.co.kr/zf_user/company-info/view-inner-recruit?csn=aTFTbjVaT3hRUUZFWWIreG4zSUFsQT09,시스템 프로그래밍 중급 개발자,https://www.saramin.co.kr/zf_user/jobs/relay/view?view_type=list&rec_idx=49508116,5 ~ 7년 · 정규직,학력무관,~12.31(화),"SE(시스템엔지니어), 네트워크, 임베디드, H/W, Linux",320,101000
(주)클레,https://www.saramin.co.kr/zf_user/company-info/view-inner-recruit?csn=MlU1eXBjN1I3ZWVxaGgwT2gyOVUxdz09,3차원 카메라 하드웨어 개발자,https://www.saramin.co.kr/zf_user/jobs/relay/view?view_type=list&rec_idx=49507003,4 ~ 10년 · 정규직,학력무관,~01.02(목),"임베디드, H/W, 임베디드리눅스, OrCAD, 기구설계",320,101000
(주)엔에스티정보통신,https://www.saramin.co.kr/zf_user/company-info/view-inner-recruit?csn=aTFTbjVaT3hRUUZFWWIreG4zSUFsQT09,시스템 프로그래밍 고급 개발자,https://www.saramin.co.kr/zf_user/jobs/relay/view?view_type=list&rec_idx=49508132,10 ~ 15년 · 정규직,학력무관,~12.31(화),"SE(시스템엔지니어), 네트워크, 임베디드, H/W, Linux",320,101000
(주)엔에스티정보통신,https://www.saramin.co.kr/zf_user/company-info/view-inner-recruit?csn=aTFTbjVaT3hRUUZFWWIreG4zSUFsQT09,시스템 프로그래밍 초급 개발자,https://www.saramin.co.kr/zf_user/jobs/relay/view?view_type=list&rec_idx=49508114,2 ~ 4년 · 정규직,학력무관,~12.31(화),"SE(시스템엔지니어), 네트워크, 임베디드, H/W, Linux",320,101000
알피니언메디칼시스템,https://www.saramin.co.kr/zf_user/company-info/view-inner-recruit?csn=aHZsbnBXT3pYYW1TamdjZCtzVi9Idz09,초음파 진단기 HW개발_아날로그/파워 책임급 채용 [일진그룹 계열사],https://www.saramin.co.kr/zf_user/jobs/relay/view?view_type=list&rec_idx=49504335,8 ~ 13년 · 정규직,대학교(4년)↑,~12.31(화),"임베디드, H/W, 임베디드리눅스, 생산, PCB",320,101000
(주)서림테크놀로지,https://www.saramin.co.kr/zf_user/company-info/view-inner-recruit?csn=RUlVRnNNcFcvRXhNYmEyRTFyMktDUT09,연구개발(H/W) 경력 5년 이상,https://www.saramin.co.kr/zf_user/jobs/relay/view?view_type=list&rec_idx=49497086,5 ~ 10년 · 정규직,학력무관,~12.30(월),"임베디드, H/W, 임베디드리눅스, FPGA, 네트워크",320,101000
베렉스(주),https://www.saramin.co.kr/zf_user/company-info/view-inner-recruit?csn=VTJUSHczWFFUUmh6MUpzK3BOQkNlUT09,RF ICs  Design/Test&Application Engineer 경력 채용,https://www.saramin.co.kr/zf_user/jobs/relay/view?view_type=list&rec_idx=49488252,2 ~ 20년 · 정규직,대학교(4년)↑,~12.31(화),"SE(시스템엔지니어), 네트워크, 임베디드, H/W, 임베디드리눅스",320,101000
(주)휴로틱스,https://www.saramin.co.kr/zf_user/company-info/view-inner-recruit?csn=YVNrdUNONDNZOXZMZENNUkYwTG1GZz09,펌웨어 개발자( 웨어러블 로봇 내부 전장 회로 소프트웨어 설계 및 개발)(경력 16-30년),https://www.saramin.co.kr/zf_user/jobs/relay/view?view_type=list&rec_idx=49498799,16 ~ 30년 · 정규직,"대학(2,3년)↑",~12.31(화),"임베디드, H/W, MCU, RTOS, S/W",320,101000
(주)휴로틱스,https://www.saramin.co.kr/zf_user/company-info/view-inner-recruit?csn=YVNrdUNONDNZOXZMZENNUkYwTG1GZz09,펌웨어 개발자( 웨어러블 로봇 내부 전장 회로 소프트웨어 설계 및 개발)(경력 5-15년),https://www.saramin.co.kr/zf_user/jobs/relay/view?view_type=list&rec_idx=49498805,5 ~ 15년 · 정규직,"대학(2,3년)↑",~12.31(화),"임베디드, H/W, MCU, RTOS, S/W",320,101000
(주)에이스웍스코리아,https://www.saramin.co.kr/zf_user/company-info/view-inner-recruit?csn=dTVOQVNSck9VR25ZVTcvWUN5eFBTUT09,자율주행 임베디드 소프트웨어 엔지니어 (전문연 가능),https://www.saramin.co.kr/zf_user/jobs/relay/view?view_type=list&rec_idx=49498757,신입 · 경력 · 정규직,대학교(4년)↑,~12.31(화),"임베디드, 펌웨어, H/W, MCU, RTOS",320,101000
베렉스(주),https://www.saramin.co.kr/zf_user/company-info/view-inner-recruit?csn=VTJUSHczWFFUUmh6MUpzK3BOQkNlUT09,RF ICs  Design/Test&Application Engineer 신입 채용,https://www.saramin.co.kr/zf_user/jobs/relay/view?view_type=list&rec_idx=49488248,신입 · 경력 · 정규직,대학교(4년)↑,~12.31(화),"SE(시스템엔지니어), 네트워크, 임베디드, H/W, 임베디드리눅스",320,101000
(주)에이스웍스코리아,https://www.saramin.co.kr/zf_user/company-info/view-inner-recruit?csn=dTVOQVNSck9VR25ZVTcvWUN5eFBTUT09,전력전자 회로 설계 및 개발 엔지니어 (전문연 가능),https://www.saramin.co.kr/zf_user/jobs/relay/view?view_type=list&rec_idx=49498788,신입 · 경력 · 정규직,석사↑,~12.31(화),"임베디드, H/W, S/W, Matlab, 임베디드리눅스",320,101000
(주)휴로틱스,https://www.saramin.co.kr/zf_user/company-info/view-inner-recruit?csn=YVNrdUNONDNZOXZMZENNUkYwTG1GZz09,펌웨어 개발자( 웨어러블 로봇 내부 전장 회로 소프트웨어 설계 및 개발)(경력 5-15년),https://www.saramin.co.kr/zf_user/jobs/relay/view?view_type=list&rec_idx=49498802,5 ~ 15년 · 정규직,"대학(2,3년)↑",~12.31(화),"임베디드, H/W, MCU, RTOS, S/W",320,101000
퀘스트글로벌코리아 유한회사,https://www.saramin.co.kr/zf_user/company-info/view-inner-recruit?csn=WDVsaVJpVTFwSTJLQ2FXbmZuTVlqdz09,[Quest Global] 블루투스 개발자,https://www.saramin.co.kr/zf_user/jobs/relay/view?view_type=list&rec_idx=49512723,경력 2년↑ · 정규직 외,대학교(4년)↑,~01.01(수),"미들웨어, 임베디드리눅스, S/W, Linux",320,101000
(주)망고부스트코리아,https://www.saramin.co.kr/zf_user/company-info/view-inner-recruit?csn=Qyt6VVM2U01BZDQ2MS9qa2g5MytOQT09,"[MangoBoost] System Architect, System Software Engineer 채용",https://www.saramin.co.kr/zf_user/jobs/relay/view?view_type=list&rec_idx=49311050,경력 1년↑ · 정규직,대학교(4년)↑,채용시,"네트워크, 임베디드, 정보통신, FPGA, H/W",320,101000
㈜리버트론,https://www.saramin.co.kr/zf_user/company-info/view-inner-recruit?csn=aGRnNnRwMDJOSHBEMFVJYTA1eldUQT09,[정규직] Logic(로직) 설계 / AI 반도체 설계 / FPGA 설계,https://www.saramin.co.kr/zf_user/jobs/relay/view?view_type=list&rec_idx=49505493,신입 · 경력 · 정규직,대학교(4년)↑,~12.31(화),"백엔드/서버개발, 유지보수, 프론트엔드, SE(시스템엔지니어), 딥러닝",320,101000
㈜리버트론,https://www.saramin.co.kr/zf_user/company-info/view-inner-recruit?csn=aGRnNnRwMDJOSHBEMFVJYTA1eldUQT09,[정규직] 소프트웨어 개발,https://www.saramin.co.kr/zf_user/jobs/relay/view?view_type=list&rec_idx=49505366,경력무관 · 정규직,대학교(4년)↑,~12.31(화),"기술지원, 백엔드/서버개발, 유지보수, 프론트엔드, SE(시스템엔지니어)",320,101000
(주)에이스웍스코리아,https://www.saramin.co.kr/zf_user/company-info/view-inner-recruit?csn=dTVOQVNSck9VR25ZVTcvWUN5eFBTUT09,전장설계 엔지니어,https://www.saramin.co.kr/zf_user/jobs/relay/view?view_type=list&rec_idx=49498569,신입 · 경력 · 정규직,"대학(2,3년)↑",~12.31(화),"임베디드, H/W, 임베디드리눅스, 전장설계, 메카트로닉스",320,101000
(주)휴로틱스,https://www.saramin.co.kr/zf_user/company-info/view-inner-recruit?csn=YVNrdUNONDNZOXZMZENNUkYwTG1GZz09,펌웨어 개발자( 웨어러블 로봇 내부 전장 회로 소프트웨어 설계 및 개발)(경력 1-4년),https://www.saramin.co.kr/zf_user/jobs/relay/view?view_type=list&rec_idx=49498497,1 ~ 4년 · 정규직,"대학(2,3년)↑",~12.28(토),"임베디드, H/W, MCU, RTOS, S/W",320,101000
,,"연구 개발 채용공고(하드웨어, 기구설계, 펌웨어)",https://www.saramin.co.kr/zf_user/jobs/relay/view?view_type=list&rec_idx=49494461,경력 5년↑ · 정규직,대학교(4년)↑,~01.28(화),"앱개발, 임베디드, 펌웨어, H/W, MCU",320,101000
스콥정보통신(주),https://www.saramin.co.kr/zf_user/company-info/view-inner-recruit?csn=SGcya29WeU96M3liV3IySStoMEFoQT09,스콥정보통신(주) 리눅스서버 SW 개발자 채용,https://www.saramin.co.kr/zf_user/jobs/relay/view?view_type=list&rec_idx=49493917,3 ~ 12년 · 정규직,대학교(4년)↑,~12.29(일),"백엔드/서버개발, 웹개발, 솔루션, C++, C언어",320,101000
주식회사웨어러블에이아이,https://www.saramin.co.kr/zf_user/company-info/view-inner-recruit?csn=VkZCY2orUmt3b2ptYzhYcTlsaWNtQT09,"Perception Engineer (Embedded, Senior)",https://www.saramin.co.kr/zf_user/jobs/relay/view?view_type=list&rec_idx=49587140,5 ~ 10년 · 정규직,대학교(4년)↑,~01.12(일),"데이터분석가, 딥러닝, 머신러닝, 블록체인, 빅데이터",320,108000
(주)크레셈,https://www.saramin.co.kr/zf_user/company-info/view-inner-recruit?csn=ZVBiSU0wT2tMNldzVDFrS2lIOWdJUT09,비젼개발팀 알고리즘 파트 경력 채용,https://www.saramin.co.kr/zf_user/jobs/relay/view?view_type=list&rec_idx=49554010,3 ~ 10년 · 정규직,대학교(4년)↑,~01.08(수),"데이터분석가, 딥러닝, 머신러닝, 블록체인, 빅데이터",320,108000
티비티(주),https://www.saramin.co.kr/zf_user/company-info/view-inner-recruit?csn=bDB0czZ5cmRKK2t0dFhDSzV6NDF6QT09,펌웨어 연구원,https://www.saramin.co.kr/zf_user/jobs/relay/view?view_type=list&rec_idx=49542864,3 ~ 10년 · 정규직,"대학(2,3년)↑",~01.07(화),"임베디드, 펌웨어, FPGA, MCU, S/W",320,108000
티비티(주),https://www.saramin.co.kr/zf_user/company-info/view-inner-recruit?csn=bDB0czZ5cmRKK2t0dFhDSzV6NDF6QT09,하드웨어 개발 연구원,https://www.saramin.co.kr/zf_user/jobs/relay/view?view_type=list&rec_idx=49540403,3 ~ 10년 · 정규직,"대학(2,3년)↑",~01.07(화),"임베디드, FPGA, H/W, MCU, 임베디드리눅스",320,108000
(주)캠시스,https://www.saramin.co.kr/zf_user/company-info/view-inner-recruit?csn=cVYvcTJuMitCaEptRlVQbHpCdExuQT09,㈜캠시스 신규사업부문 파트별 경력직 채용,https://www.saramin.co.kr/zf_user/jobs/relay/view?view_type=list&rec_idx=49551282,경력 5년↑ · 정규직,대학교(4년)↑,~01.08(수),"임베디드, H/W, S/W, Linux, 임베디드리눅스",320,108000
(주)엠씨넥스,https://www.saramin.co.kr/zf_user/company-info/view-inner-recruit?csn=WDU5RnZxOHN3RkthTmdKaE1tVHBsdz09,㈜엠씨넥스 연구소(SW) 직원 모집의 건,https://www.saramin.co.kr/zf_user/jobs/relay/view?view_type=list&rec_idx=49549076,1 ~ 10년 · 정규직,학력무관,오늘마감,"앱개발, 네트워크, MCU, S/W, C#",320,108000
(주)세기알앤디,https://www.saramin.co.kr/zf_user/company-info/view-inner-recruit?csn=Wk8za0tuelExUXVVN1FGRGtZTjZoUT09,HW & RF &  전장 설계 경력자 채용[대리급],https://www.saramin.co.kr/zf_user/jobs/relay/view?view_type=list&rec_idx=49544051,1 ~ 5년 · 정규직,대학교(4년)↑,~01.04(토),"임베디드, H/W, 임베디드리눅스, LCD, Pads",320,108000
(주)세기알앤디,https://www.saramin.co.kr/zf_user/company-info/view-inner-recruit?csn=Wk8za0tuelExUXVVN1FGRGtZTjZoUT09,HW & RF &  전장 설계 경력자 채용[과장급],https://www.saramin.co.kr/zf_user/jobs/relay/view?view_type=list&rec_idx=49544055,5 ~ 7년 · 정규직,대학교(4년)↑,~01.04(토),"임베디드, H/W, 임베디드리눅스, LCD, Pads",320,108000
(주)세기알앤디,https://www.saramin.co.kr/zf_user/company-info/view-inner-recruit?csn=Wk8za0tuelExUXVVN1FGRGtZTjZoUT09,HW & RF &  전장 설계 경력자 채용[차장급],https://www.saramin.co.kr/zf_user/jobs/relay/view?view_type=list&rec_idx=49544058,7 ~ 15년 · 정규직,대학교(4년)↑,~01.04(토),"임베디드, H/W, 임베디드리눅스, LCD, Pads",320,108000
(주)세니온,https://www.saramin.co.kr/zf_user/company-info/view-inner-recruit?csn=NklMUi83VTVQYU9rMWdWZW9TR3pMQT09,[예방진단팀] 전기 시스템 개발자 경력 채용,https://www.saramin.co.kr/zf_user/jobs/relay/view?view_type=list&rec_idx=49301896,경력 2년↑ · 정규직,"대학(2,3년)↑",상시채용,"SE(시스템엔지니어), 펌웨어, C++, C언어, Qt",320,108000
(주)세기알앤디,https://www.saramin.co.kr/zf_user/company-info/view-inner-recruit?csn=Wk8za0tuelExUXVVN1FGRGtZTjZoUT09,[H/W] RF & 전장 설계 채용,https://www.saramin.co.kr/zf_user/jobs/relay/view?view_type=list&rec_idx=49421518,7 ~ 15년 · 정규직,대학교(4년)↑,~12.29(일),"솔루션, 임베디드, FPGA, H/W, IoT",320,108000
대한상공회의소,https://www.saramin.co.kr/zf_user/company-info/view-inner-recruit?csn=a2xlN0dKcHFOTThSdDloOVQrQWordz09,[국비지원 무료교육] 반도체 로봇 빅데이터 인공지능 취업연계,https://www.saramin.co.kr/zf_user/jobs/relay/view?view_type=list&rec_idx=47262105,신입 · 경력 · 교육생,학력무관,~12.31(화),"보안컨설팅, 앱개발, 웹개발, 정보보안, 빅데이터",320,108000
(주)포텍,https://www.saramin.co.kr/zf_user/company-info/view-inner-recruit?csn=YUlCTFJvcU9BTlJkREZGZUdUTUxBQT09,[임베디드리눅스] 기업부설연구소 연구원 채용,https://www.saramin.co.kr/zf_user/jobs/relay/view?view_type=list&rec_idx=49552006,경력무관 · 정규직,대학교(4년)↑,~01.08(수),"영상처리, 이미지프로세싱, 임베디드, 펌웨어, FPGA",320,105000
(주)소프트아이텍,https://www.saramin.co.kr/zf_user/company-info/view-inner-recruit?csn=RGZlT2toWlhZTUNHMjQ2bHA5VDc5UT09,SW 개발자 모집 (대전),https://www.saramin.co.kr/zf_user/jobs/relay/view?view_type=list&rec_idx=49584798,경력 3년↑ · 정규직,"대학(2,3년)↑",~01.31(금),"유지보수, SI개발, S/W, AWS, Azure",320,105000
(주)토모큐브,https://www.saramin.co.kr/zf_user/company-info/view-inner-recruit?csn=Z3VpejVCTDZSQm84QTlVc3hlSEFQQT09,S/W 개발 (3차원 영상처리) 선임연구원,https://www.saramin.co.kr/zf_user/jobs/relay/view?view_type=list&rec_idx=49571305,1 ~ 10년 · 정규직,대학교(4년)↑,~01.10(금),"임베디드, H/W, S/W, C#, C++",320,105000
(주)토모큐브,https://www.saramin.co.kr/zf_user/company-info/view-inner-recruit?csn=Z3VpejVCTDZSQm84QTlVc3hlSEFQQT09,S/W 개발 (H/W 구동계 소프트웨어) 연구원,https://www.saramin.co.kr/zf_user/jobs/relay/view?view_type=list&rec_idx=49571311,신입 · 경력 · 정규직,대학교(4년)↑,~01.10(금),"임베디드, H/W, S/W, C#, C++",320,105000
(주)라이온로보틱스,https://www.saramin.co.kr/zf_user/company-info/view-inner-recruit?csn=VkJIYUFuNkxQTXB0YWNWTmp0M0xpQT09,(주)라이온로보틱스 로봇 전장 설계 전문 엔지니어 채용,https://www.saramin.co.kr/zf_user/jobs/relay/view?view_type=list&rec_idx=49580988,경력무관 · 정규직,대학교(4년)↑,~12.29(일),"임베디드, 정보통신, IoT, MCU, 임베디드리눅스",320,105000
(주)하이로닉,https://www.saramin.co.kr/zf_user/company-info/view-inner-recruit?csn=NHZKbDM5WFZicTMrM250VEJpS3FCdz09,코스닥 상장사] 각 분야 인재 모집 (신입/경력),https://www.saramin.co.kr/zf_user/jobs/relay/view?view_type=list&rec_idx=49539105,신입 · 경력 · 정규직,"대학(2,3년)↑",D-5,"임베디드, 정보통신, 펌웨어, MCU, S/W",320,105000
(주)인엘씨테크놀러지,https://www.saramin.co.kr/zf_user/company-info/view-inner-recruit?csn=bE9YbVNxdTVWcUtsbm5DdlV2Y3hMUT09,FW개발 경력 채용,https://www.saramin.co.kr/zf_user/jobs/relay/view?view_type=list&rec_idx=49553964,3 ~ 15년 · 정규직,학력무관,~01.07(화),"임베디드, 펌웨어, FPGA, H/W, MCU",320,105000
(주)시스웍,https://www.saramin.co.kr/zf_user/company-info/view-inner-recruit?csn=b1RWa2NUTklYalNiZVFQV2M2MzZQdz09,"기술연구소 HARDWARE, FIRMWARE 연구원",https://www.saramin.co.kr/zf_user/jobs/relay/view?view_type=list&rec_idx=49509650,3 ~ 10년 · 정규직,"대학(2,3년)↑",~01.01(수),"임베디드, 펌웨어, H/W, C++, C언어",320,105000
(주)넷커스터마이즈,https://www.saramin.co.kr/zf_user/company-info/view-inner-recruit?csn=QWY3dVRhZ056VkhyZG1kYVlObEVYdz09,신호처리 관련 FPGA Logic 개발자,https://www.saramin.co.kr/zf_user/jobs/relay/view?view_type=list&rec_idx=49505254,신입 · 경력 · 정규직,대학교(4년)↑,~12.31(화),"임베디드, FPGA, H/W, C++, C언어",320,105000
(주)마이크로인피니티,https://www.saramin.co.kr/zf_user/company-info/view-inner-recruit?csn=eDgvSE90amsySFZFcW9vNkVjOVY4UT09,㈜마이크로인피니티 대전사업장 정규직 사원 모집,https://www.saramin.co.kr/zf_user/jobs/relay/view?view_type=list&rec_idx=49210192,신입 · 경력 · 정규직 외,대학교(4년)↑,~12.31(화),"네트워크, 데이터마이닝, 머신러닝, 임베디드, 펌웨어",320,105000
올제텍(주),https://www.saramin.co.kr/zf_user/company-info/view-inner-recruit?csn=V2FJaXZBcWxHcFJHQ2w0Rktza2hjdz09,HW 회로설계 경력,https://www.saramin.co.kr/zf_user/jobs/relay/view?view_type=list&rec_idx=49453804,3 ~ 10년 · 정규직,"대학(2,3년)↑",D-7,"임베디드, H/W, 임베디드리눅스, 회로설계, AutoCAD",320,105000
(주)레인보우로보틱스,https://www.saramin.co.kr/zf_user/company-info/view-inner-recruit?csn=ZjlzdDNGQTdRVE1GSi9wY2FSVmJsZz09,(주)레인보우로보틱스 연구소 임베디드 SW / 펌웨어 개발자 채용,https://www.saramin.co.kr/zf_user/jobs/relay/view?view_type=list&rec_idx=49373423,2 ~ 5년 · 정규직,석사↑,채용시,"임베디드, 라즈베리파이, 아두이노, 임베디드리눅스, S/W",320,105000
,,FPGA 개발 엔지니어 채용공고,https://www.saramin.co.kr/zf_user/jobs/relay/view?view_type=list&rec_idx=49330442,신입 · 경력 · 정규직,대학교(4년)↑,~01.03(금),"SE(시스템엔지니어), 임베디드, FPGA, H/W, C++",320,105000
(주)에이플,https://www.saramin.co.kr/zf_user/company-info/view-inner-recruit?csn=OVcweHRMUHkwbnBWQmM2ZzU4OWc3QT09,모바일로봇 제어 및 운영 개발자 모집,https://www.saramin.co.kr/zf_user/jobs/relay/view?view_type=list&rec_idx=49259348,3 ~ 10년 · 정규직,대학교(4년)↑,~12.23(월),"딥러닝, 머신러닝, 임베디드리눅스, 로봇엔지니어, 연구원",320,105000
(주)제이오텍,https://www.saramin.co.kr/zf_user/company-info/view-inner-recruit?csn=QjAvWTRjdksycXVIUjFoWFB6cmxYQT09,[연구실험장비] 하드웨어/펌웨어 개발자,https://www.saramin.co.kr/zf_user/jobs/relay/view?view_type=list&rec_idx=45668574,신입 · 경력 · 정규직,대학교(4년)↑,상시채용,"임베디드, 펌웨어, H/W, 임베디드리눅스, 제조",320,105000
캐논코리아 주식회사,https://www.saramin.co.kr/zf_user/company-info/view-inner-recruit?csn=U0dVcGtWbXI4T0s2MlhCS2FjK0RqZz09,2024년 12월 캐논코리아 신입사원(채용연계형인턴)모집,https://www.saramin.co.kr/zf_user/jobs/relay/view?view_type=list&rec_idx=49524700,신입 · 인턴직,대학교(4년)↑,23시 마감,"데이터엔지니어, 백엔드/서버개발, 보안컨설팅, 앱개발, 웹개발",320,113000
(주)하이로닉,https://www.saramin.co.kr/zf_user/company-info/view-inner-recruit?csn=NHZKbDM5WFZicTMrM250VEJpS3FCdz09,코스닥 상장사] 각 분야 인재 모집 (신입/경력),https://www.saramin.co.kr/zf_user/jobs/relay/view?view_type=list&rec_idx=49539105,신입 · 경력 · 정규직,"대학(2,3년)↑",D-5,"임베디드, 정보통신, 펌웨어, MCU, S/W",320,113000
대한상공회의소,https://www.saramin.co.kr/zf_user/company-info/view-inner-recruit?csn=a2xlN0dKcHFOTThSdDloOVQrQWordz09,[국비지원 무료교육] 반도체 로봇 빅데이터 인공지능 취업연계,https://www.saramin.co.kr/zf_user/jobs/relay/view?view_type=list&rec_idx=47262105,신입 · 경력 · 교육생,학력무관,~12.31(화),"보안컨설팅, 앱개발, 웹개발, 정보보안, 빅데이터",320,113000
(주)케이티디에스,https://www.saramin.co.kr/zf_user/company-info/view-inner-recruit?csn=THdqTE1hbFdsSGVFWkdLc3gwWnJQZz09,[kt ds] 2024년 각 부문별 경력사원 상시채용,https://www.saramin.co.kr/zf_user/jobs/relay/view?view_type=list&rec_idx=49444384,경력 2년↑ · 정규직 외,학력무관,~02.28(금),"게임개발, 데이터분석가, 데이터엔지니어, 백엔드/서버개발, 보안컨설팅",195,101000
(주)뉴로메카,https://www.saramin.co.kr/zf_user/company-info/view-inner-recruit?csn=djc0QW1pUTNWcnlRT2VVZXBTVlJwdz09,[뉴로메카] 제품개발(SW) 담당자 채용,https://www.saramin.co.kr/zf_user/jobs/relay/view?view_type=list&rec_idx=49583523,신입 · 경력 · 정규직 외,대학교(4년)↑,~02.11(화),"백엔드/서버개발, 프론트엔드, API, Android, Angular",195,101000
(주)큐피스트,https://www.saramin.co.kr/zf_user/company-info/view-inner-recruit?csn=WGNFTS9uaDdKSnpwcSt1N2JIbFU4QT09,모바일 앱 개발자 (React Native),https://www.saramin.co.kr/zf_user/jobs/relay/view?view_type=list&rec_idx=47621894,3 ~ 10년 · 정규직,대학교(4년)↑,상시채용,"React-Native, Android, iOS, Javascript, React",195,101000
(주)키다리스튜디오,https://www.saramin.co.kr/zf_user/company-info/view-inner-recruit?csn=amhwVm1sbHZkREhqY2JGdHprL0Ewdz09,웹툰 플랫폼 안드로이드 개발 (경력 7~10년),https://www.saramin.co.kr/zf_user/jobs/relay/view?view_type=list&rec_idx=49572831,7 ~ 10년 · 정규직,학력무관,~01.11(토),"앱개발, 웹개발, Android, Java, Kotlin",195,101000
(주)스마트마켓서비스,https://www.saramin.co.kr/zf_user/company-info/view-inner-recruit?csn=QlM2UE9vWjdBZ2dIVWlTalFpTTU3QT09,크로스 플랫폼(Flutter) 개발자 모십니다.,https://www.saramin.co.kr/zf_user/jobs/relay/view?view_type=list&rec_idx=49590009,경력 6년↑ · 정규직,"대학(2,3년)↑",~01.13(월),"백엔드/서버개발, 앱개발, 웹개발, 유지보수, 반응형웹",195,101000
(주)지아이티,https://www.saramin.co.kr/zf_user/company-info/view-inner-recruit?csn=TENESnpBYXAwSCtaSllUWm9uODBrQT09,현대자동차그룹 (주)지아이티 연구소/사업실 대규모 수시채용,https://www.saramin.co.kr/zf_user/jobs/relay/view?view_type=list&rec_idx=49534455,경력 · 인턴직,학력무관,~12.31(화),"백엔드/서버개발, 앱개발, 웹개발, 웹마스터, 유지보수",195,101000
(주)소프트넷,https://www.saramin.co.kr/zf_user/company-info/view-inner-recruit?csn=ejIweFVmVG5ZSDlyTDJRNTArcVg4UT09,JAVA 개발자 채용,https://www.saramin.co.kr/zf_user/jobs/relay/view?view_type=list&rec_idx=49554172,3 ~ 10년 · 정규직,"대학(2,3년)↑",~01.11(토),"백엔드/서버개발, 웹개발, 퍼블리셔, 프론트엔드, SE(시스템엔지니어)",195,101000
우리에프아이에스(주),https://www.saramin.co.kr/zf_user/company-info/view-inner-recruit?csn=RUJPS0VUZytDK1lZRFl2ekZLdlBaQT09,우리에프아이에스 2024년 경력사원 채용 공고,https://www.saramin.co.kr/zf_user/jobs/relay/view?view_type=list&rec_idx=49587708,경력 · 정규직,학력무관,D-7,"기술지원, 데이터분석가, 데이터엔지니어, 백엔드/서버개발, 보안컨설팅",195,101000
(주)수일개발,https://www.saramin.co.kr/zf_user/company-info/view-inner-recruit?csn=aEZ6L3NqMS9UYjVLbWN2SWhvWnFOdz09,의료기기 알고리즘 개발자,https://www.saramin.co.kr/zf_user/jobs/relay/view?view_type=list&rec_idx=49587515,경력 3년↑ · 정규직,석사↑,~02.11(화),"알고리즘, C++, Javascript, Python, 머신러닝",195,101000
(주)앤스시스템,https://www.saramin.co.kr/zf_user/company-info/view-inner-recruit?csn=M09wMHpZcThlN2ZOTVJNTEpxQno3dz09,"[경력자] IOS, Android 앱 개발자 채용",https://www.saramin.co.kr/zf_user/jobs/relay/view?view_type=list&rec_idx=49242760,5 ~ 20년 · 정규직,학력무관,상시채용,"앱개발, Android, iOS, Kotlin, Swift",195,101000
(주)윙소프트,https://www.saramin.co.kr/zf_user/company-info/view-inner-recruit?csn=V3V0VVVYWXliZk5MNGZKM3dZa3Q4QT09,"[경력자] IOS, Android 앱 개발자 채용",https://www.saramin.co.kr/zf_user/jobs/relay/view?view_type=list&rec_idx=49445668,경력 5년↑ · 정규직,학력무관,상시채용,"앱개발, Android, iOS, Kotlin, Swift",195,101000
,,"[디티피아] 웹 개발 (.NET, C#) 경력자 모집",https://www.saramin.co.kr/zf_user/jobs/relay/view?view_type=list&rec_idx=49464877,경력 2년↑ · 정규직,대학교(4년)↑,채용시,"백엔드/서버개발, 웹개발, 유지보수, RDBMS, .NET",195,101000
주식회사 아이티엘,https://www.saramin.co.kr/zf_user/company-info/view-inner-recruit?csn=OWNzc3oxSkQrS1J2WGtuaFpBQXBFZz09,모바일 앱 개발자 채용 (경력 모집),https://www.saramin.co.kr/zf_user/jobs/relay/view?view_type=list&rec_idx=49215193,경력 2년↑ · 정규직,"대학(2,3년)↑",채용시,"앱개발, 웹개발, API, Android, Flutter",195,101000
(주)씨브이네트,https://www.saramin.co.kr/zf_user/company-info/view-inner-recruit?csn=bmQwdGFjL0lVSlIwb01UbGFpL1VpZz09,[삼성 계열사 씨브이네트] 임베디드 S/W (안드로이드),https://www.saramin.co.kr/zf_user/jobs/relay/view?view_type=list&rec_idx=49324486,5 ~ 20년 · 정규직,학력무관,~12.31(화),"Android, 임베디드, S/W",195,101000
(주)크래프톤,https://www.saramin.co.kr/zf_user/company-info/view-inner-recruit?csn=VUJYbGh2aXhrZXhxR2FUZVFRK0pMZz09,Unity Platform SDK Developer 채용,https://www.saramin.co.kr/zf_user/jobs/relay/view?view_type=list&rec_idx=49571147,3 ~ 15년 · 정규직,학력무관,~01.09(목),"게임개발, 앱개발, VR(가상현실), C#, C++",195,101000
(주)크래프톤,https://www.saramin.co.kr/zf_user/company-info/view-inner-recruit?csn=VUJYbGh2aXhrZXhxR2FUZVFRK0pMZz09,Unreal Platform SDK UI Developer 채용,https://www.saramin.co.kr/zf_user/jobs/relay/view?view_type=list&rec_idx=49571148,3 ~ 15년 · 정규직,학력무관,~01.09(목),"게임개발, 앱개발, VR(가상현실), C#, C++",195,101000
(주)스텔라앤,https://www.saramin.co.kr/zf_user/company-info/view-inner-recruit?csn=RXQyVzV5UmttcHJDWWVKcGgxakJXQT09,[AI플랫폼] Android/iOS 개발자 모집,https://www.saramin.co.kr/zf_user/jobs/relay/view?view_type=list&rec_idx=49351573,신입 · 경력 · 정규직,대학교(4년)↑,~01.05(일),"백엔드/서버개발, 웹개발, AI(인공지능), Docker, Node.js",195,101000
(주)비알랩,https://www.saramin.co.kr/zf_user/company-info/view-inner-recruit?csn=QU11K1liWkxnd1FFZFQ3dGZsbVg0Zz09,모바일 앱 개발 경력 채용,https://www.saramin.co.kr/zf_user/jobs/relay/view?view_type=list&rec_idx=49510670,3 ~ 10년 · 정규직,대학교(4년)↑,~12.31(화),"앱개발, 웹개발, 프론트엔드, Android, Flutter",195,101000
금호전기㈜,https://www.saramin.co.kr/zf_user/company-info/view-inner-recruit?csn=eGtRem9TYUh2aXkySllWRUdTT2tzZz09,금호전기(주) IoT S/W 개발자 경력직 채용,https://www.saramin.co.kr/zf_user/jobs/relay/view?view_type=list&rec_idx=49580361,경력 5년↑ · 정규직,"대학(2,3년)↑",~02.10(월),"웹개발, Android, C++, C언어, 연구원",195,101000
티맵모빌리티(주),https://www.saramin.co.kr/zf_user/company-info/view-inner-recruit?csn=V0JLcnNPNlRFRk1wanZtdmRBcmlodz09,"[티맵모빌리티] 개발자 채용 (CE,BE,DevOps,Search,DA,개발PM)",https://www.saramin.co.kr/zf_user/jobs/relay/view?view_type=list&rec_idx=49381823,경력 2년↑ · 정규직,"대학(2,3년)↑",채용시,"데이터분석가, 데이터엔지니어, 백엔드/서버개발, 앱개발, 프론트엔드",195,101000
하이퍼커넥트 유한책임회사,https://www.saramin.co.kr/zf_user/company-info/view-inner-recruit?csn=UHh6NXc3Y09jTmxoS3ZkZkxCNmdVZz09,[하이퍼커넥트] QA Specialist (1년 계약직),https://www.saramin.co.kr/zf_user/jobs/relay/view?view_type=list&rec_idx=49577825,경력 1년↑ · 계약직,학력무관,상시채용,"QA/테스터, Android, iOS",195,101000
하이퍼커넥트 유한책임회사,https://www.saramin.co.kr/zf_user/company-info/view-inner-recruit?csn=UHh6NXc3Y09jTmxoS3ZkZkxCNmdVZz09,[하이퍼커넥트] Graphics Engineer 채용,https://www.saramin.co.kr/zf_user/jobs/relay/view?view_type=list&rec_idx=49577731,3 ~ 10년 · 정규직,학력무관,상시채용,"프론트엔드, 영상처리, 음성인식, 이미지프로세싱, AR(증강현실)",195,101000
(주)리시드,https://www.saramin.co.kr/zf_user/company-info/view-inner-recruit?csn=MUM5eVFWTTZjVlpxY0t5dnZob2ljQT09,[삼성 헬스] 모바일 앱서비스 운영자 채용 (신입/경력),https://www.saramin.co.kr/zf_user/jobs/relay/view?view_type=list&rec_idx=49576938,신입 · 경력 · 정규직,"대학(2,3년)↑",~01.31(금),"웹마스터, GM(게임운영), QA/테스터, 웹표준·웹접근성, Android",195,101000
(주)티빙,https://www.saramin.co.kr/zf_user/company-info/view-inner-recruit?csn=QzFZYmxPQzdHdXZ4YU4xamxrTWhFdz09,[티빙] 앱 개발자 (Android Developer) 경력채용,https://www.saramin.co.kr/zf_user/jobs/relay/view?view_type=list&rec_idx=49576375,경력 5년↑ · 정규직,학력무관,~12.25(수),"앱개발, Android, 유지보수, 솔루션, iOS",195,101000
큐어스트림(주),https://www.saramin.co.kr/zf_user/company-info/view-inner-recruit?csn=ZUR1ak1pbExPNlRlbHZtVTV4eEtzZz09,SW개발팀 채용(프론트앤드&Firmware&SW QA & SW RA),https://www.saramin.co.kr/zf_user/jobs/relay/view?view_type=list&rec_idx=49576137,신입 · 경력 · 정규직,학력무관,~02.10(월),"앱개발, 웹표준·웹접근성, 임베디드, 크로스브라우징, MCU",195,101000
윤디스크㈜,https://www.saramin.co.kr/zf_user/company-info/view-inner-recruit?csn=OS9qZWpVanUxejRwbmJONk1qUm0zUT09,[JAVA/전자정부프레임워크] 웹 개발자님을 모십니다. (3년 이상),https://www.saramin.co.kr/zf_user/jobs/relay/view?view_type=list&rec_idx=49301728,경력 3년↑ · 계약직,학력무관,~12.29(일),"백엔드/서버개발, 웹개발, 프론트엔드, SI개발, 반응형웹",195,101000
(주)잉카엔트웍스,https://www.saramin.co.kr/zf_user/company-info/view-inner-recruit?csn=cnQyeHBPc1pEVTVFVEdDazNwdXR5dz09,SQA (테스트 자동화 엔지니어),https://www.saramin.co.kr/zf_user/jobs/relay/view?view_type=list&rec_idx=49561058,3 ~ 10년 · 정규직,대학교(4년)↑,~01.12(일),"웹개발, 프론트엔드, QA/테스터, ECMAScript, Javascript",195,101000
(주)레플리,https://www.saramin.co.kr/zf_user/company-info/view-inner-recruit?csn=bU54UG4waHQ3YmNJZ3Z5MmU5K3VGZz09,안드로이드 개발자,https://www.saramin.co.kr/zf_user/jobs/relay/view?view_type=list&rec_idx=49561105,1 ~ 10년 · 정규직,학력무관,~01.09(목),"앱개발, Android, Kotlin, 네트워크, API",195,101000
(주)안티그래비티,https://www.saramin.co.kr/zf_user/company-info/view-inner-recruit?csn=aGVEYkduSU1adm9KNXFTdVlyM000QT09,서비스 기획자/프로덕트 책임자,https://www.saramin.co.kr/zf_user/jobs/relay/view?view_type=list&rec_idx=49565268,3 ~ 10년 · 정규직,학력무관,~01.08(수),"데이터분석가, 앱개발, 웹개발, 퍼블리셔, 딥러닝",195,101000
(주)인티그리트,https://www.saramin.co.kr/zf_user/company-info/view-inner-recruit?csn=ZFJmWkFkV3FzaGl0ckpMY1RHSGpnZz09,"[지능형 로보틱스 플랫폼] AI 플랫폼,디바이스S/W, 펌웨어 개발",https://www.saramin.co.kr/zf_user/jobs/relay/view?view_type=list&rec_idx=49556133,신입 · 경력 · 정규직,학력무관,~01.08(수),"딥러닝, 머신러닝, 솔루션, 임베디드, 자율주행",195,101000
(주)바이커넥트,https://www.saramin.co.kr/zf_user/company-info/view-inner-recruit?csn=dG1wVnJSdzJBZm9pcE5OZ2I3cEZXdz09,프리팅 성형의료 플랫폼 운영자,https://www.saramin.co.kr/zf_user/jobs/relay/view?view_type=list&rec_idx=49572504,3 ~ 7년 · 정규직,"대학(2,3년)↑",~02.09(일),"GM(게임운영), Android, iOS",195,101000
(주)팀프레시,https://www.saramin.co.kr/zf_user/company-info/view-inner-recruit?csn=REU0NXlTKytoNjcwbWt1WXA4cm0zZz09,[팀프레시] TMS스쿼드 안드로이드 앱 개발자 (경력 3년 이상)l,https://www.saramin.co.kr/zf_user/jobs/relay/view?view_type=list&rec_idx=49570470,경력 3년↑ · 정규직,학력무관,~12.25(수),"Android, 유지보수, Kotlin",195,101000
(주)코보시스,https://www.saramin.co.kr/zf_user/company-info/view-inner-recruit?csn=RlBsN0prMlpvKzRjRzNrVnRJUnJ0QT09,Flutter 개발자,https://www.saramin.co.kr/zf_user/jobs/relay/view?view_type=list&rec_idx=49569723,3 ~ 10년 · 정규직,대학교(4년)↑,~12.31(화),"앱개발, 웹개발, 프론트엔드, Android, ECMAScript",195,101000
(주)시어스랩,https://www.saramin.co.kr/zf_user/company-info/view-inner-recruit?csn=R2ppelFiRVdlYU9DWWhXajAzSTZPZz09,앱 개발 총괄,https://www.saramin.co.kr/zf_user/jobs/relay/view?view_type=list&rec_idx=49555094,10 ~ 15년 · 정규직,석사↑,~01.07(화),"백엔드/서버개발, 앱개발, 웹개발, 프론트엔드, 인프라",195,101000
(주)오오티디,https://www.saramin.co.kr/zf_user/company-info/view-inner-recruit?csn=UDY3Y1ZlQktsQ09kdzJBSS9xS01zZz09,패션 SNS OOTD 플랫폼 백엔드 개발자,https://www.saramin.co.kr/zf_user/jobs/relay/view?view_type=list&rec_idx=49551338,2 ~ 10년 · 정규직,학력무관,~01.07(화),"백엔드/서버개발, 웹개발, 프론트엔드, DBA, 인프라",195,101000
퍼스널(personal),https://www.saramin.co.kr/zf_user/company-info/view-inner-recruit?csn=NUdMVW4vaXhsUG05VW93cHkxUXNsZz09,[주식회사 퍼스널애드] 앱 개발자 모집,https://www.saramin.co.kr/zf_user/jobs/relay/view?view_type=list&rec_idx=49536437,경력 3년↑ · 정규직,학력무관,~02.03(월),"백엔드/서버개발, S/W, API, Android, GraphQL",195,101000
(주)블루버드,https://www.saramin.co.kr/zf_user/company-info/view-inner-recruit?csn=Z2tGWkt4RnpWaUZVOG1rQkZ6cEFtUT09,SW개발 팀장 채용(Android),https://www.saramin.co.kr/zf_user/jobs/relay/view?view_type=list&rec_idx=49565193,경력 10년↑ · 정규직,대학교(4년)↑,~02.08(토),"S/W, Android, C++, C언어, Java",195,101000
(주)소만사,https://www.saramin.co.kr/zf_user/company-info/view-inner-recruit?csn=MUR3Qmd0Zk9zcHJoNXBFNGNaaUpvQT09,판교에서 함께 근무할 가상화 SW솔루션(VDI) 클라이언트 개발자,https://www.saramin.co.kr/zf_user/jobs/relay/view?view_type=list&rec_idx=49490997,경력 3년↑ · 정규직,"대학(2,3년)↑",오늘마감,"정보보안, 방화벽, 솔루션, 인프라, VDI",195,101000
(주)럭스로보,https://www.saramin.co.kr/zf_user/company-info/view-inner-recruit?csn=dXJUdkZWMm1IYnZ1ejFleWQxbkpSQT09,Mobile개발자,https://www.saramin.co.kr/zf_user/jobs/relay/view?view_type=list&rec_idx=49473027,5 ~ 12년 · 정규직,대학교(4년)↑,~12.25(수),"앱개발, Android, iOS, Kotlin, Objective-C",195,101000
(주)디지캡,https://www.saramin.co.kr/zf_user/company-info/view-inner-recruit?csn=aXdKUDVNQmNFTUp2YlVtMG82cXh6UT09,(주)디지캡 Android/iOS 개발 신입/경력사원 모집,https://www.saramin.co.kr/zf_user/jobs/relay/view?view_type=list&rec_idx=49562771,신입 · 경력 · 정규직,"대학(2,3년)↑",~01.09(목),"앱개발, Android, iOS, Java, 솔루션",195,101000
링크루트,https://www.saramin.co.kr/zf_user/company-info/view-inner-recruit?csn=TENMQVNSaG8zSG02TVRNWHJ4NnFRZz09,[유망 스타트업] 경력 리액트 네이티브 개발자 채용,https://www.saramin.co.kr/zf_user/jobs/relay/view?view_type=list&rec_idx=49562542,3 ~ 5년 · 정규직,"대학(2,3년)↑",~01.09(목),"SDK, Android, iOS, React-Native, 네트워크",195,101000
채비(주),https://www.saramin.co.kr/zf_user/company-info/view-inner-recruit?csn=dDkzRmo1MWc5YWVUY1ovZHN3TFYxQT09,S/W팀(UI업무 경력자 채용),https://www.saramin.co.kr/zf_user/jobs/relay/view?view_type=list&rec_idx=49505278,5 ~ 14년 · 정규직,"대학(2,3년)↑",~12.31(화),"앱개발, 웹개발, 프론트엔드, SE(시스템엔지니어), Android",195,101000
이노아이(주),https://www.saramin.co.kr/zf_user/company-info/view-inner-recruit?csn=cEhYZktQaVJKUWg2ZFh4T2V1alU1Zz09,[QA/테스터] [문래] 리테일 플랫폼,https://www.saramin.co.kr/zf_user/jobs/relay/view?view_type=list&rec_idx=49553664,3 ~ 7년 · 프리랜서,"대학(2,3년)↑",~01.08(수),"GM(게임운영), QA/테스터, H/W, S/W, 인터페이스",195,101000
(주)넷스트림,https://www.saramin.co.kr/zf_user/company-info/view-inner-recruit?csn=cWR6Vi9IaFZUV2tMd0taN1V3bEZ5dz09,[React-Native 공고] 넷스트림과 함께할 개발자를 찾습니다,https://www.saramin.co.kr/zf_user/jobs/relay/view?view_type=list&rec_idx=49552872,3 ~ 8년 · 정규직 외,학력무관,~02.07(금),"앱개발, 웹개발, 유지보수, 반응형웹, Android",195,101000
(주)디어유,https://www.saramin.co.kr/zf_user/company-info/view-inner-recruit?csn=Q3ZwdklhbHRZTTNrTHBqakk2cUxXdz09,QA 경력자 채용,https://www.saramin.co.kr/zf_user/jobs/relay/view?view_type=list&rec_idx=49539697,3 ~ 10년 · 정규직,"대학(2,3년)↑",~01.06(월),"앱개발, QA/테스터, Android, iOS, Kotlin",195,101000
,,알지티 웹 프론트엔드 채용,https://www.saramin.co.kr/zf_user/jobs/relay/view?view_type=list&rec_idx=49515018,신입 · 정규직,대학교(4년)↑,상시채용,"임베디드, 컴퓨터비전, S/W, 프론트엔드, 자율주행",195,101000
(주)위17,https://www.saramin.co.kr/zf_user/company-info/view-inner-recruit?csn=TUdUNVFxdGxMNUVhdzk5djZLZFNMdz09,모바일 필드 테스트 엔지니어 /QA,https://www.saramin.co.kr/zf_user/jobs/relay/view?view_type=list&rec_idx=49555796,1 ~ 3년 · 계약직,"대학(2,3년)↑",채용시,"QA/테스터, 정보통신, SQA, 네트워크, 솔루션",195,101000
,,[iDynamics] Android 신입 및 경력 채용,https://www.saramin.co.kr/zf_user/jobs/relay/view?view_type=list&rec_idx=49555728,경력무관 · 정규직,대학교(4년)↑,~01.08(수),"앱개발, 솔루션, 알고리즘, API, 헬스케어",195,101000
(주)포인트모바일,https://www.saramin.co.kr/zf_user/company-info/view-inner-recruit?csn=eDF1VzBmN0xqenZWWXhGcEJXL1BGZz09,모바일 결제 솔루션 개발자 신입/경력 채용,https://www.saramin.co.kr/zf_user/jobs/relay/view?view_type=list&rec_idx=49555466,신입 · 경력 · 정규직,대학교(4년)↑,~01.08(수),"앱개발, 정보보안, 프론트엔드, SE(시스템엔지니어), 임베디드",195,101000
조베이스(주),https://www.saramin.co.kr/zf_user/company-info/view-inner-recruit?csn=Qmg1bkZYME40cytZMVlROE1LRHhrQT09,[채용공고] UI/UX 디자이너 모집,https://www.saramin.co.kr/zf_user/jobs/relay/view?view_type=list&rec_idx=49494044,경력 3년↑ · 정규직,학력무관,~12.29(일),"퍼블리셔, CSS, CSS3, HTML, HTML5",195,101000
(주)노르마,https://www.saramin.co.kr/zf_user/company-info/view-inner-recruit?csn=eWtjRFRSNm43WkRsaFpCa001RlRLZz09,[노르마]각 부문별 개발자 채용,https://www.saramin.co.kr/zf_user/jobs/relay/view?view_type=list&rec_idx=49232567,3 ~ 15년 · 정규직,대학교(4년)↑,채용시,"백엔드/서버개발, 웹개발, 정보보안, 네트워크, 머신러닝",195,101000
(주)마이베네핏,https://www.saramin.co.kr/zf_user/company-info/view-inner-recruit?csn=UHV5b3ZNZUZ6dlgyQ3JtL1V3anIrQT09,"안드로이드, iOS 개발자(경력3~5년)",https://www.saramin.co.kr/zf_user/jobs/relay/view?view_type=list&rec_idx=49540543,3 ~ 5년 · 정규직,학력무관,~01.04(토),"앱개발, 딥러닝, 머신러닝, 빅데이터, AI(인공지능)",195,101000
(주)마이베네핏,https://www.saramin.co.kr/zf_user/company-info/view-inner-recruit?csn=UHV5b3ZNZUZ6dlgyQ3JtL1V3anIrQT09,"안드로이드, iOS 개발자(경력6~10년)",https://www.saramin.co.kr/zf_user/jobs/relay/view?view_type=list&rec_idx=49540550,6 ~ 10년 · 정규직,학력무관,~01.04(토),"앱개발, 딥러닝, 머신러닝, 빅데이터, AI(인공지능)",195,101000
(주)사이버다임,https://www.saramin.co.kr/zf_user/company-info/view-inner-recruit?csn=Tk85MW1sVTU3T0tOckVzYkw5MGc4Zz09,연구소 서버개발팀 모바일 개발자 (경력) 모집,https://www.saramin.co.kr/zf_user/jobs/relay/view?view_type=list&rec_idx=49548723,경력 5년↑ · 정규직,"대학(2,3년)↑",~02.07(금),"앱개발, 솔루션, 알고리즘, 챗봇, DBMS",195,101000
브랜드인게이지먼트네트워크인크(영업소),https://www.saramin.co.kr/zf_user/company-info/view-inner-recruit?csn=bDVUTDlqZnV3a2VlemhKcm5Td3VwUT09,Mobile 개발자(Android Developer/iOS Developer) 채용,https://www.saramin.co.kr/zf_user/jobs/relay/view?view_type=list&rec_idx=49526211,신입 · 경력 · 정규직 외,대학교(4년)↑,상시채용,"앱개발, SDK, 어셈블리, Android, C++",195,101000
(주)페이타랩,https://www.saramin.co.kr/zf_user/company-info/view-inner-recruit?csn=ekJOVENHa0p0TzdoaTVQVHVpY3Vydz09,[패스오더] Android Developer (경력 6~10년 이하),https://www.saramin.co.kr/zf_user/jobs/relay/view?view_type=list&rec_idx=49537252,6 ~ 10년 · 정규직,학력무관,~01.03(금),"앱개발, 웹개발, 프론트엔드, Android, Git",195,101000
(주)페이타랩,https://www.saramin.co.kr/zf_user/company-info/view-inner-recruit?csn=ekJOVENHa0p0TzdoaTVQVHVpY3Vydz09,[패스오더] Android Developer (병역특례 지원가능)(신입~5년 이하),https://www.saramin.co.kr/zf_user/jobs/relay/view?view_type=list&rec_idx=49537250,신입 · 경력 · 정규직,학력무관,~01.03(금),"앱개발, 웹개발, 프론트엔드, Android, Git",195,101000
(주)피에트,https://www.saramin.co.kr/zf_user/company-info/view-inner-recruit?csn=akIrUWVPTDEzY2VSeXR0S0tscGJqZz09,플러터(Flutter) 개발자 채용(6~10년),https://www.saramin.co.kr/zf_user/jobs/relay/view?view_type=list&rec_idx=49536656,6 ~ 10년 · 정규직,대학교(4년)↑,~01.04(토),"앱개발, 웹개발, 프론트엔드, Android, Flutter",195,101000
(주)인피닉,https://www.saramin.co.kr/zf_user/company-info/view-inner-recruit?csn=b3MrcEhoaHBTMHQ0N1VKSE9MaU1zQT09,[수원] SW 테스트 엔지니어 (QA) 경력 채용(경력 1년 ~ 5년 미만),https://www.saramin.co.kr/zf_user/jobs/relay/view?view_type=list&rec_idx=49531848,1 ~ 5년 · 정규직,학력무관,~01.03(금),"QA/테스터, C언어, Python, 임베디드, 자율주행",195,101000
(주)인피닉,https://www.saramin.co.kr/zf_user/company-info/view-inner-recruit?csn=b3MrcEhoaHBTMHQ0N1VKSE9MaU1zQT09,[수원] SW 테스트 엔지니어 (QA) 경력 채용(경력 5년 ~ 8년 미만),https://www.saramin.co.kr/zf_user/jobs/relay/view?view_type=list&rec_idx=49531857,5 ~ 8년 · 정규직,학력무관,~01.03(금),"QA/테스터, C언어, Python, 임베디드, 자율주행",195,101000
(주)씨브이네트,https://www.saramin.co.kr/zf_user/company-info/view-inner-recruit?csn=bmQwdGFjL0lVSlIwb01UbGFpL1VpZz09,[삼성계열사] 임베디드 S/W (안드로이드),https://www.saramin.co.kr/zf_user/jobs/relay/view?view_type=list&rec_idx=49535753,3 ~ 20년 · 정규직,대학교(4년)↑,~01.03(금),"앱개발, SE(시스템엔지니어), 임베디드, H/W, S/W",195,101000
(주)비욘드테크,https://www.saramin.co.kr/zf_user/company-info/view-inner-recruit?csn=U0NZZWhQREU2cldKWnhyb3JVNkN1UT09,프로그래머 / 경력직 - 웹 JAVA JSP / 응용 C#,https://www.saramin.co.kr/zf_user/jobs/relay/view?view_type=list&rec_idx=49526226,4 ~ 15년 · 정규직,학력무관,~01.03(금),"백엔드/서버개발, 웹개발, 퍼블리셔, 프론트엔드, S/W",195,101000
(사)스마트인재개발원,https://www.saramin.co.kr/zf_user/company-info/view-inner-recruit?csn=Y0hQRjRzemlISTUxTUVzUEN0dWhodz09,"[81%취업] 빅데이터,AI 무료취업과정 모집!",https://www.saramin.co.kr/zf_user/jobs/relay/view?view_type=list&rec_idx=48920397,경력무관 · 교육생,학력무관,~12.31(화),"백엔드/서버개발, 앱개발, 웹개발, 머신러닝, 빅데이터",195,101000
(주)제이디디지털스튜디오,https://www.saramin.co.kr/zf_user/company-info/view-inner-recruit?csn=cExMQmVzYU5UTHhDamF0QVE1aG1mdz09,미디어아트 실감콘텐츠 인터랙티브 언리얼 개발자 모집,https://www.saramin.co.kr/zf_user/jobs/relay/view?view_type=list&rec_idx=49544611,경력무관 · 정규직,"대학(2,3년)↑",채용시,"게임개발, 기술지원, 백엔드/서버개발, 유지보수, SI개발",195,101000
퍼솔켈리코리아(유),https://www.saramin.co.kr/zf_user/company-info/view-inner-recruit?csn=eGk1Y2lpcWZ1d0JYTndINTh1Vk8rdz09,[외국계 IT 대기업 A사] Cellular Engineer 채용,https://www.saramin.co.kr/zf_user/jobs/relay/view?view_type=list&rec_idx=49543077,2 ~ 5년 · 계약직 외,"대학(2,3년)↑",~01.05(일),"기술지원, 데이터엔지니어, 유지보수, QA/테스터, SE(시스템엔지니어)",195,101000
(주)브이아이펫,https://www.saramin.co.kr/zf_user/company-info/view-inner-recruit?csn=cm5oWHJDVGpPRWpUdDUwUmkrdG14QT09,[재택근무1회]펫VIP(브이아이펫)풀스택 React Native개발자 모집,https://www.saramin.co.kr/zf_user/jobs/relay/view?view_type=list&rec_idx=49541968,5 ~ 8년 · 정규직,"대학(2,3년)↑",채용시,"백엔드/서버개발, 앱개발, 유지보수, 개발PM, Android",195,101000
블루바이저시스템즈,https://www.saramin.co.kr/zf_user/company-info/view-inner-recruit?csn=bllMbnlIS0llaUtJVDBQajJLaGdQdz09,[블루바이저] 안드로이드 개발자  채용 (서울),https://www.saramin.co.kr/zf_user/jobs/relay/view?view_type=list&rec_idx=49473039,경력 1년↑ · 정규직,학력무관,~12.26(목),"웹개발, Android, 솔루션",195,101000
(주)아정네트웍스,https://www.saramin.co.kr/zf_user/company-info/view-inner-recruit?csn=WVZlYmNvd3NpMUtCZ1BOK3EwUlBuZz09,[아정당] React Native 앱 개발자 (3년이상 ~ 리드급),https://www.saramin.co.kr/zf_user/jobs/relay/view?view_type=list&rec_idx=49541191,경력무관 · 정규직,대학교(4년)↑,상시채용,"앱개발, 웹개발, 프론트엔드, 트러블슈팅, Android",195,101000
(주)알에프메디컬,https://www.saramin.co.kr/zf_user/company-info/view-inner-recruit?csn=dTVIN2FFOWJlUDRqSklXdnNxS1JMUT09,의료기기 전자개발 S/W 설계 담당 채용,https://www.saramin.co.kr/zf_user/jobs/relay/view?view_type=list&rec_idx=49524319,3 ~ 10년 · 정규직,대학교(4년)↑,~01.02(목),"펌웨어, S/W, C#, C++, C언어",195,101000
,,리액트 네이티브 개발자,https://www.saramin.co.kr/zf_user/jobs/relay/view?view_type=list&rec_idx=49524342,1 ~ 15년 · 정규직,학력무관,~01.02(목),"앱개발, 웹개발, 프론트엔드, Android, ECMAScript",195,101000
(주)팜클,https://www.saramin.co.kr/zf_user/company-info/view-inner-recruit?csn=a0xVL3o3cEZWR3lESEdBdFZoOEp6QT09,SW 개발 PM(Project Manager) 채용,https://www.saramin.co.kr/zf_user/jobs/relay/view?view_type=list&rec_idx=49494259,1 ~ 7년 · 정규직,대학교(4년)↑,~12.29(일),"백엔드/서버개발, 앱개발, 웹개발, SE(시스템엔지니어), 인프라",195,101000
(주)비바이노베이션,https://www.saramin.co.kr/zf_user/company-info/view-inner-recruit?csn=cnNKaWZscDVBOXNtTEJNa2hFN1RUdz09,모바일파트-iOS 개발,https://www.saramin.co.kr/zf_user/jobs/relay/view?view_type=list&rec_idx=49393913,2 ~ 5년 · 정규직,학력무관,내일마감,"앱개발, 웹개발, 프론트엔드, Android, Git",195,101000
(주)와이즈스톤티,https://www.saramin.co.kr/zf_user/company-info/view-inner-recruit?csn=eUJZNlZDQUhXTldaTk5mVDdjWFlDdz09,[와이즈스톤티] 소프트웨어 QA 테스터 신입/경력 모집,https://www.saramin.co.kr/zf_user/jobs/relay/view?view_type=list&rec_idx=49313700,신입 · 경력 · 정규직,"대학(2,3년)↑",~12.31(화),"QA/테스터, S/W, 블록체인, 빅데이터, Android",195,101000
(주)에스에프테크놀로지,https://www.saramin.co.kr/zf_user/company-info/view-inner-recruit?csn=T21xTVAyNVlPVGhyTG1wY1FGbEo1QT09,"F/W , MICOM 경력개발자 모집 (병특가능)",https://www.saramin.co.kr/zf_user/jobs/relay/view?view_type=list&rec_idx=49531110,경력무관 · 정규직,"대학(2,3년)↑",~01.04(토),"임베디드, H/W, IoT, MCU, RTOS",195,101000
(주)플랙스뉴럴랩스,https://www.saramin.co.kr/zf_user/company-info/view-inner-recruit?csn=d2tYbW9RSmpUMFdjUGdMdGlTUnlNZz09,앱개발자 (Flutter) 경력 채용,https://www.saramin.co.kr/zf_user/jobs/relay/view?view_type=list&rec_idx=49518996,2 ~ 10년 · 정규직,학력무관,~01.03(금),"앱개발, Android, Flutter, iOS, Kotlin",195,101000
(주)아이쿠카,https://www.saramin.co.kr/zf_user/company-info/view-inner-recruit?csn=WDhSRnp6MWFnbndCd1lWenNFd1cwZz09,Java SpringBoot 백엔드 개발자 (5년 이상 경력),https://www.saramin.co.kr/zf_user/jobs/relay/view?view_type=list&rec_idx=49517797,5 ~ 15년 · 정규직,대학교(4년)↑,~12.31(화),"백엔드/서버개발, 웹개발, 프론트엔드, DBA, SE(시스템엔지니어)",195,101000
(주)네오플,https://www.saramin.co.kr/zf_user/company-info/view-inner-recruit?csn=QWdtMUFGWDUyOTJHdGxmdTM1dWtZdz09,[네오플] 프로그래밍/기술지원 직군 분야별 모집(근무지:서울),https://www.saramin.co.kr/zf_user/jobs/relay/view?view_type=list&rec_idx=49409848,신입 · 경력 · 정규직,학력무관,오늘마감,"게임개발, 백엔드/서버개발, 네트워크, 액션스크립트, C#",195,101000
(주)라임시큐리티,https://www.saramin.co.kr/zf_user/company-info/view-inner-recruit?csn=TUNqNjBYQXQwU3VjUzhUZjA5MU5Jdz09,정보보호 컨설팅 채용(관리체계/ 모의해킹/ 취약점분석),https://www.saramin.co.kr/zf_user/jobs/relay/view?view_type=list&rec_idx=49526564,신입 · 경력 · 계약직,"대학(2,3년)↑",~01.03(금),"기술지원, 보안컨설팅, 정보보안, 모의해킹, 취약점진단",195,101000
(주)시큐아이,https://www.saramin.co.kr/zf_user/company-info/view-inner-recruit?csn=bkVJMzRVczdpTFVERGtQVEVEQjBnZz09,[삼성SDS자회사] (주)시큐아이 경력사원 채용(개발-CLIENT),https://www.saramin.co.kr/zf_user/jobs/relay/view?view_type=list&rec_idx=49523383,경력 3년↑ · 정규직,학력무관,~12.31(화),"앱개발, 웹개발, 유지보수, C++, C언어",195,101000
(주)제이투이,https://www.saramin.co.kr/zf_user/company-info/view-inner-recruit?csn=Mk1qK3VGT1dsSTFKREJpM0VCbmJnZz09,[Android SM 공공 태릉] 공공기관 시스템 유지보수 업무   (3),https://www.saramin.co.kr/zf_user/jobs/relay/view?view_type=list&rec_idx=49390461,경력 2년↑ · 정규직,"대학(2,3년)↑",~01.04(토),"앱개발, 웹개발, 유지보수, Android, AWS",195,101000
주식회사하이퍼브레인랩,https://www.saramin.co.kr/zf_user/company-info/view-inner-recruit?csn=c0h6dWZEUEpWV0hZZFF2QTU5eHhoQT09,Flutter / React Native 프론트엔드 개발자 모집,https://www.saramin.co.kr/zf_user/jobs/relay/view?view_type=list&rec_idx=49521584,경력 1년↑ · 정규직,학력무관,채용시,"프론트엔드, Android, Flutter, iOS, React",195,101000
글로하우홀딩스 연락사무소,https://www.saramin.co.kr/zf_user/company-info/view-inner-recruit?csn=NVhYeGJTemxVbDVNV29jU2t3d00rUT09,기술 지원 (Technical Support),https://www.saramin.co.kr/zf_user/jobs/relay/view?view_type=list&rec_idx=49495526,경력 3년↑ · 정규직,학력무관,상시채용,"기술지원, DBA, 개발PM, 인프라, 클라이언트",195,101000
,,개발 및 개발 프로젝트 매니저를 채용합니다,https://www.saramin.co.kr/zf_user/jobs/relay/view?view_type=list&rec_idx=49518376,신입 · 경력 · 정규직 외,학력무관,채용시,"백엔드/서버개발, 앱개발, 웹개발, SI개발, PM(프로젝트매니저)",195,101000
(주)트라이업,https://www.saramin.co.kr/zf_user/company-info/view-inner-recruit?csn=TzZkSW5ZWXpQc3pyOG5rMmo5bWJ6UT09,[트라이업] 안드로이드 개발자 채용,https://www.saramin.co.kr/zf_user/jobs/relay/view?view_type=list&rec_idx=49378884,경력 3년↑ · 정규직,학력무관,상시채용,"Flutter, 유지보수, 솔루션, 클라우드, API",195,101000
(주)멸치,https://www.saramin.co.kr/zf_user/company-info/view-inner-recruit?csn=cldVdXlWZnVRUFdnRlc3ZThsRDB3Zz09,[Android/IOS] 앱개발자를 모십니다.(최고대우),https://www.saramin.co.kr/zf_user/jobs/relay/view?view_type=list&rec_idx=49516930,경력 5년↑ · 정규직 외,학력무관,상시채용,"앱개발, 유지보수, 퍼블리셔, 프론트엔드, 빅데이터",195,101000
(주)멸치,https://www.saramin.co.kr/zf_user/company-info/view-inner-recruit?csn=cldVdXlWZnVRUFdnRlc3ZThsRDB3Zz09,[Android/IOS] 앱개발자를 모십니다.(최고 대우),https://www.saramin.co.kr/zf_user/jobs/relay/view?view_type=list&rec_idx=49516740,경력 5년↑ · 정규직 외,학력무관,상시채용,"데이터분석가, 앱개발, 유지보수, 퍼블리셔, 빅데이터",195,101000
주식회사 패스트뷰,https://www.saramin.co.kr/zf_user/company-info/view-inner-recruit?csn=UUppK0VZdzRkVzZIdFk2TVg4a1dnZz09,[자동차사업본부] React Native 앱개발자 (4년 - 6년),https://www.saramin.co.kr/zf_user/jobs/relay/view?view_type=list&rec_idx=49516638,4 ~ 7년 · 정규직,학력무관,~01.02(목),"프론트엔드, 유지보수, 트러블슈팅, Android, AWS",195,101000
(주)픽소,https://www.saramin.co.kr/zf_user/company-info/view-inner-recruit?csn=WGJDZlhSTVkxNXdWemJtdnhpY0RvZz09,안드로이드 엔지니어(주니어),https://www.saramin.co.kr/zf_user/jobs/relay/view?view_type=list&rec_idx=49496073,2 ~ 4년 · 정규직,학력무관,~12.30(월),"앱개발, Android, Git, Kotlin, SDK",195,101000
(주)엠서클,https://www.saramin.co.kr/zf_user/company-info/view-inner-recruit?csn=ZjhycVQvL0k4QlVQUXhNL0FvVFBLdz09,[엠서클/웰체크] 웰체크QA 경력직 모집(3년 이상),https://www.saramin.co.kr/zf_user/jobs/relay/view?view_type=list&rec_idx=49513500,3 ~ 10년 · 정규직,"대학(2,3년)↑",~12.23(월),"QA/테스터, 솔루션, 빅데이터, 헬스케어, Android",195,101000
(주)가드포스트,https://www.saramin.co.kr/zf_user/company-info/view-inner-recruit?csn=ZmtnRmZISHJNY05sRitGbkRNREJhZz09,[신입] 정보보안 컨설턴트,https://www.saramin.co.kr/zf_user/jobs/relay/view?view_type=list&rec_idx=49513170,신입 · 정규직,대학교(4년)↑,~01.01(수),"보안컨설팅, 정보보안, 모의해킹, 인프라, DBMS",195,101000
,,Runtime 소프트웨어 엔지니어 채용 (병역특례 가능),https://www.saramin.co.kr/zf_user/jobs/relay/view?view_type=list&rec_idx=49483790,신입 · 경력 · 정규직,고졸↑,~12.26(목),"데이터분석가, 딥러닝, 머신러닝, 블록체인, 빅데이터",195,101000
위쉬정보기술㈜,https://www.saramin.co.kr/zf_user/company-info/view-inner-recruit?csn=eVdGYlJtRUt1eWlmMkR2c0lOZnFPdz09,선릉 DB생명 android IOS 운영 모집,https://www.saramin.co.kr/zf_user/jobs/relay/view?view_type=list&rec_idx=49511656,경력 1년↑ · 정규직 외,학력무관,~01.01(수),"앱개발, SDK, Android, Flutter, iOS",195,101000
롱기스트(주),https://www.saramin.co.kr/zf_user/company-info/view-inner-recruit?csn=b2VBNTUzemJNRVFqV2JQZWM0Wm9PUT09,[롱기스트] Android 앱 개발 정규직 채용,https://www.saramin.co.kr/zf_user/jobs/relay/view?view_type=list&rec_idx=49511479,2 ~ 3년 · 정규직,대학교(4년)↑,~12.31(화),"앱개발, Android, 유지보수, 솔루션, Java",195,101000
,,[경력] 프론트엔드 웹(Web) 및 안드로이드(Android) 개발,https://www.saramin.co.kr/zf_user/jobs/relay/view?view_type=list&rec_idx=49510100,1 ~ 5년 · 정규직 외,학력무관,~01.01(수),"앱개발, 웹개발, 프론트엔드, Android, Angular",195,101000
알서포트(주),https://www.saramin.co.kr/zf_user/company-info/view-inner-recruit?csn=VTNUYVpjMzVncjk0VVc0ZWdjT2JmQT09,[코스닥 상장사] 소프트웨어 기술지원 엔지니어 경력 채용,https://www.saramin.co.kr/zf_user/jobs/relay/view?view_type=list&rec_idx=49510074,경력 3년↑ · 정규직,학력무관,상시채용,"기술지원, 솔루션, S/W, 유지보수, Windows",195,101000
리디(주),https://www.saramin.co.kr/zf_user/company-info/view-inner-recruit?csn=c0duSVlLS2lqZWhUenpBQS9MZDYrdz09,[글로벌콘텐츠 기업 리디] 리액트 네이티브 엔지니어 채용,https://www.saramin.co.kr/zf_user/jobs/relay/view?view_type=list&rec_idx=49508321,5 ~ 8년 · 정규직,학력무관,~12.31(화),"프론트엔드, 반응형웹, S/W, 유지보수, Android",195,101000
(주)아이지넷,https://www.saramin.co.kr/zf_user/company-info/view-inner-recruit?csn=bHZFQXhKdE9HbkJuUW4wNkR3cjlIUT09,[복지우수] 연구소 React Native Frontend 경력직 채용,https://www.saramin.co.kr/zf_user/jobs/relay/view?view_type=list&rec_idx=49503319,5 ~ 15년 · 정규직,학력무관,~12.31(화),"앱개발, 웹개발, 프론트엔드, 핀테크, ECMAScript",195,101000
(주)아이지넷,https://www.saramin.co.kr/zf_user/company-info/view-inner-recruit?csn=bHZFQXhKdE9HbkJuUW4wNkR3cjlIUT09,React Native Frontend Engineer 채용,https://www.saramin.co.kr/zf_user/jobs/relay/view?view_type=list&rec_idx=49497992,5 ~ 15년 · 정규직,학력무관,~12.28(토),"앱개발, 웹개발, 프론트엔드, Android, ECMAScript",195,101000
에이스올루션글로벌 주식회사,https://www.saramin.co.kr/zf_user/company-info/view-inner-recruit?csn=ckdRaThUY0tLOG53alF0UHJ2VWN0QT09,안드로이드 테스트 엔지니어 모집,https://www.saramin.co.kr/zf_user/jobs/relay/view?view_type=list&rec_idx=49380667,2 ~ 20년 · 계약직 외,학력무관,~01.10(금),"데이터분석가, 데이터엔지니어, QA/테스터, SE(시스템엔지니어), Android",195,101000
(주)에코카우,https://www.saramin.co.kr/zf_user/company-info/view-inner-recruit?csn=b2ZSMGkyempWMGEzd3Fad091RldHQT09,공덕 (react-native) 앱 개발자 채용,https://www.saramin.co.kr/zf_user/jobs/relay/view?view_type=list&rec_idx=49498543,경력 2년↑ · 정규직,학력무관,~12.29(일),"앱개발, 프론트엔드, S/W, React-Native, TypeScript",195,101000
(주)미로,https://www.saramin.co.kr/zf_user/company-info/view-inner-recruit?csn=K3dabHc4alE5Y0F2anNlNzB5WWxRUT09,(주)미로 기업부설연구소  병역특례 전문연구요원 모집,https://www.saramin.co.kr/zf_user/jobs/relay/view?view_type=list&rec_idx=49562498,신입 · 경력 · 정규직 외,석사↑,채용시,"데이터엔지니어, 백엔드/서버개발, 프론트엔드, H/W, IoT",195,108000
주식회사리본솔루션,https://www.saramin.co.kr/zf_user/company-info/view-inner-recruit?csn=dG80T01QTEpXdzJHd1BXOGNFZVZXQT09,[리본솔루션] 플러터 개발자 채용,https://www.saramin.co.kr/zf_user/jobs/relay/view?view_type=list&rec_idx=49548288,경력무관 · 계약직,학력무관,D-2,"Flutter, 유지보수, API, 인터페이스, Android",195,108000
케이엠아이에스(주),https://www.saramin.co.kr/zf_user/company-info/view-inner-recruit?csn=dFNWM2hTQ3dRV0lOaEVRN2FHMVNsdz09,Unity 개발 정규직 채용 - 경력사원,https://www.saramin.co.kr/zf_user/jobs/relay/view?view_type=list&rec_idx=49386126,경력 2년↑ · 정규직 외,대학교(4년)↑,채용시,"앱개발, 웹개발, 프론트엔드, AR(증강현실), GIS",195,108000
,,2024년 하반기 신입/경력사원 공채,https://www.saramin.co.kr/zf_user/jobs/relay/view?view_type=list&rec_idx=49567318,신입 · 경력 · 정규직,대학교(4년)↑,~12.29(일),"데이터엔지니어, 앱개발, DBA, IT컨설팅, SE(시스템엔지니어)",195,108000
휴먼리스펙,https://www.saramin.co.kr/zf_user/company-info/view-inner-recruit?csn=NTBNYjl0azl5WmcvOG5oV3pRQVZadz09,[IT기업] SW 테스트 엔지니어 (QA),https://www.saramin.co.kr/zf_user/jobs/relay/view?view_type=list&rec_idx=49501544,1 ~ 10년 · 정규직,"대학(2,3년)↑",~12.31(화),"QA/테스터, API, Android, Python",195,108000
㈜하눌커뮤니케이션,https://www.saramin.co.kr/zf_user/company-info/view-inner-recruit?csn=ZUx3d1plVzVPUk83MTVBWCtLZXFFZz09,플루터 & 안드로이드 네이티브앱 개발자 모집,https://www.saramin.co.kr/zf_user/jobs/relay/view?view_type=list&rec_idx=49490434,경력(년수무관) · 계약직,"대학(2,3년)↑",D-5,"백엔드/서버개발, API, Android, Flutter, HTML5",195,108000
대전대학교,https://www.saramin.co.kr/zf_user/company-info/view-inner-recruit?csn=VjNnVEgxaHBiV04vWEYwSHM1VGg4dz09,[취업연계] AI기반 IoT시스템 소프트웨어 개발자 과정 훈련생 모집,https://www.saramin.co.kr/zf_user/jobs/relay/view?view_type=list&rec_idx=49554901,경력무관 · 교육생,"대학(2,3년)↑",~01.31(금),"머신러닝, 빅데이터, 알고리즘, IoT, S/W",195,105000
(주)아이티코리아,https://www.saramin.co.kr/zf_user/company-info/view-inner-recruit?csn=U1hkdldoSWpZZzFIdUJWWFFWNk9qUT09,[개발팀] 경력직 개발자 채용,https://www.saramin.co.kr/zf_user/jobs/relay/view?view_type=list&rec_idx=49385061,경력 2년↑ · 계약직,"대학(2,3년)↑",~01.11(토),"기술지원, 앱개발, 웹개발, 유지보수, 솔루션",195,105000
주식회사 브이에프티 파트너,https://www.saramin.co.kr/zf_user/company-info/view-inner-recruit?csn=dHF6ZEtCNlAwT2M5UzJDVDc3MVRCUT09,프론트엔드 다기능 개발자(팀장급),https://www.saramin.co.kr/zf_user/jobs/relay/view?view_type=list&rec_idx=49497336,10 ~ 20년 · 정규직,학력무관,~12.28(토),"앱개발, 웹개발, 퍼블리셔, 프론트엔드, 반응형웹",195,105000
현대종합금속(주),https://www.saramin.co.kr/zf_user/company-info/view-inner-recruit?csn=Vm1HQnpqeEhINS9INUVNUys1SWtyUT09,신입 / 경력사원 모집,https://www.saramin.co.kr/zf_user/jobs/relay/view?view_type=list&rec_idx=49148389,신입 · 경력 · 정규직,"대학(2,3년)↑",D-7,"기술지원, 앱개발, 웹개발, 웹마스터, 유지보수",195,105000
(주)라이온로보틱스,https://www.saramin.co.kr/zf_user/company-info/view-inner-recruit?csn=VkJIYUFuNkxQTXB0YWNWTmp0M0xpQT09,(주)라이온로보틱스 로봇 소프트웨어 개발 전문 인재 채용,https://www.saramin.co.kr/zf_user/jobs/relay/view?view_type=list&rec_idx=49580968,경력무관 · 정규직,대학교(4년)↑,~12.29(일),"백엔드/서버개발, 앱개발, 방화벽, VPN, Android",195,105000
(주)에셈블,https://www.saramin.co.kr/zf_user/company-info/view-inner-recruit?csn=enE5K01jWHFOY2NxbjJFa2pnZmxiQT09,웹 개발자 채용,https://www.saramin.co.kr/zf_user/jobs/relay/view?view_type=list&rec_idx=49550523,5 ~ 10년 · 정규직,학력무관,~01.08(수),"앱개발, 프론트엔드, S/W, Android, Java",195,105000
(주)케이티지,https://www.saramin.co.kr/zf_user/company-info/view-inner-recruit?csn=VTJTakZGS0JWYmNyTVlFOXlNTG5VZz09,SW 개발자 모집 (신입/경력),https://www.saramin.co.kr/zf_user/jobs/relay/view?view_type=list&rec_idx=49538157,신입 · 경력 · 정규직,대학교(4년)↑,~01.05(일),"앱개발, 웹개발, Ajax, Android, iOS",195,105000
프리시젼바이오(주),https://www.saramin.co.kr/zf_user/company-info/view-inner-recruit?csn=SVVoOW4vVUtIRzVUbFRXQ3J1Y09VZz09,백엔드 / 풀스택 개발자,https://www.saramin.co.kr/zf_user/jobs/relay/view?view_type=list&rec_idx=49508432,8 ~ 15년 · 정규직,"대학(2,3년)↑",~12.31(화),"백엔드/서버개발, 앱개발, 웹개발, 퍼블리셔, 프론트엔드",195,105000
㈜마루이엔지,https://www.saramin.co.kr/zf_user/company-info/view-inner-recruit?csn=VFA4dzNwNEoreGZSS1lWemlXcUxCdz09,[상시채용] 소프트웨어 설계 및 개발 엔지니어 채용 공고,https://www.saramin.co.kr/zf_user/jobs/relay/view?view_type=list&rec_idx=49480288,경력 2년↑ · 정규직,"대학(2,3년)↑",~12.27(금),"앱개발, 웹개발, 유지보수, 프론트엔드, QA/테스터",195,105000
(주)잇뷰,https://www.saramin.co.kr/zf_user/company-info/view-inner-recruit?csn=VWVTa2tHSGdpYldsTXUyUjhsVDlJQT09,(주)잇뷰 웹/앱개발 경력직 모집[영어 소통 가능자 우대],https://www.saramin.co.kr/zf_user/jobs/relay/view?view_type=list&rec_idx=49459020,신입 · 경력 · 정규직,대학교(4년)↑,~12.24(화),"백엔드/서버개발, 앱개발, 웹개발, 프론트엔드, 머신러닝",195,105000
(사)스마트인재개발원,https://www.saramin.co.kr/zf_user/company-info/view-inner-recruit?csn=Y0hQRjRzemlISTUxTUVzUEN0dWhodz09,"[81%취업] 빅데이터,AI 무료취업과정 모집!",https://www.saramin.co.kr/zf_user/jobs/relay/view?view_type=list&rec_idx=48920397,경력무관 · 교육생,학력무관,~12.31(화),"백엔드/서버개발, 앱개발, 웹개발, 머신러닝, 빅데이터",195,113000
한국전자기술연구원,https://www.saramin.co.kr/zf_user/company-info/view-inner-recruit?csn=RFBPUm1hZVlRN2xwQjU1TXYzSVJsQT09,한국전자기술연구원 전문계약직 연구원 채용 공고,https://www.saramin.co.kr/zf_user/jobs/relay/view?view_type=list&rec_idx=49569138,신입 · 경력 · 계약직,고졸↑,D-2,"데이터분석가, 데이터엔지니어, 백엔드/서버개발, 앱개발, 웹개발",195,113000
캐논코리아 주식회사,https://www.saramin.co.kr/zf_user/company-info/view-inner-recruit?csn=U0dVcGtWbXI4T0s2MlhCS2FjK0RqZz09,2024년 12월 캐논코리아 신입사원(채용연계형인턴)모집,https://www.saramin.co.kr/zf_user/jobs/relay/view?view_type=list&rec_idx=49524700,신입 · 인턴직,대학교(4년)↑,23시 마감,"데이터엔지니어, 백엔드/서버개발, 보안컨설팅, 앱개발, 웹개발",195,113000
(주)펀웨이브,https://www.saramin.co.kr/zf_user/company-info/view-inner-recruit?csn=WjB4dnJ0cDRkeWpKZlBuck5XMk8zUT09,디지털 콘텐츠 프로그래머 정규직 모집합니다.,https://www.saramin.co.kr/zf_user/jobs/relay/view?view_type=list&rec_idx=49497945,경력무관 · 정규직,대학교(4년)↑,~12.29(일),"앱개발, AR(증강현실), VR(가상현실), Android, C#",195,113000
(주)티피씨인터넷,https://www.saramin.co.kr/zf_user/company-info/view-inner-recruit?csn=RVQ2MUtvTjNyS0cySGF4R0JwNGU0Zz09,서버/백엔드 개발자 (Node.js / 3-5년),https://www.saramin.co.kr/zf_user/jobs/relay/view?view_type=list&rec_idx=49584799,3 ~ 5년 · 정규직,학력무관,~01.11(토),"백엔드/서버개발, 웹개발, 프론트엔드, DBA, SE(시스템엔지니어)",218,101000
(주)에프아이솔루션,https://www.saramin.co.kr/zf_user/company-info/view-inner-recruit?csn=VDJPbnBVWi91WUFjUnBaVmZTL0E1Zz09,[Python 프로그래밍] 백엔드/서버개발 경력직 모집,https://www.saramin.co.kr/zf_user/jobs/relay/view?view_type=list&rec_idx=49588133,경력무관 · 정규직 외,학력무관,~01.12(일),"백엔드/서버개발, 클라우드, API, 인터페이스, Flask",218,101000
브랜드인게이지먼트네트워크인크(영업소),https://www.saramin.co.kr/zf_user/company-info/view-inner-recruit?csn=bDVUTDlqZnV3a2VlemhKcm5Td3VwUT09,Senior Full Stack Developer 채용,https://www.saramin.co.kr/zf_user/jobs/relay/view?view_type=list&rec_idx=49526136,5 ~ 15년 · 정규직,대학교(4년)↑,상시채용,"음성인식, NLP(자연어처리), TTS, AWS, Git",218,101000
스피치로그(주),https://www.saramin.co.kr/zf_user/company-info/view-inner-recruit?csn=cGI2enJ2MVgyNitNNXdaQlhMcmxVZz09,데이터엔지니어/머신러닝엔지니어/플랫폼개발자/프로젝트매니저,https://www.saramin.co.kr/zf_user/jobs/relay/view?view_type=list&rec_idx=49583737,경력 3년↑ · 정규직,"대학(2,3년)↑",상시채용,"데이터분석가, 데이터엔지니어, 백엔드/서버개발, 데이터마이닝, 데이터시각화",218,101000
엘브이아이에스코리아(주),https://www.saramin.co.kr/zf_user/company-info/view-inner-recruit?csn=YkY2ME5YZXJVcVpsVXZsVzB5NlZnUT09,[AI/헬스케어] 머신러닝 엔지니어 경력 모집,https://www.saramin.co.kr/zf_user/jobs/relay/view?view_type=list&rec_idx=49382192,경력 3년↑ · 정규직 외,석사↑,~01.11(토),"머신러닝, 네트워크, 딥러닝, 모델링, 클라우드",218,101000
아일리스프런티어(주),https://www.saramin.co.kr/zf_user/company-info/view-inner-recruit?csn=ZndZZmIyK1BURW0wNlJaNlJUb25Ydz09,AI 서비스 - 자연어처리 (NLP) / Python 엔진 개발 (추가 채용),https://www.saramin.co.kr/zf_user/jobs/relay/view?view_type=list&rec_idx=49565317,1 ~ 3년 · 정규직,학력무관,~01.08(수),"데이터분석가, 웹개발, DBA, SE(시스템엔지니어), 딥러닝",218,101000
(주)인티그리트,https://www.saramin.co.kr/zf_user/company-info/view-inner-recruit?csn=ZFJmWkFkV3FzaGl0ckpMY1RHSGpnZz09,"[지능형 로보틱스 플랫폼] AI 플랫폼,디바이스S/W, 펌웨어 개발",https://www.saramin.co.kr/zf_user/jobs/relay/view?view_type=list&rec_idx=49556133,신입 · 경력 · 정규직,학력무관,~01.08(수),"딥러닝, 머신러닝, 솔루션, 임베디드, 자율주행",218,101000
(주)마케팅레버리지,https://www.saramin.co.kr/zf_user/company-info/view-inner-recruit?csn=N0ZmQklhVVdBcS9rbHhhOERlSnhXQT09,"[주 35시간] 마케팅 대행사, 풀스택 개발자 채용",https://www.saramin.co.kr/zf_user/jobs/relay/view?view_type=list&rec_idx=49571556,경력 5년↑ · 정규직,고졸↑,~02.07(금),"백엔드/서버개발, 웹개발, 개발PM, 클라우드, API",218,101000
시티아이랩(주),https://www.saramin.co.kr/zf_user/company-info/view-inner-recruit?csn=V3ZiNDBCQXlFVGUraTArUjFWUERPUT09,[양재/AI 스타트업] [시티아이랩(주)] 연구원 모집,https://www.saramin.co.kr/zf_user/jobs/relay/view?view_type=list&rec_idx=49568701,신입 · 경력 · 정규직 외,"대학(2,3년)↑",상시채용,"데이터엔지니어, 빅데이터, 자율주행, API, Nginx",218,101000
(주)디어유,https://www.saramin.co.kr/zf_user/company-info/view-inner-recruit?csn=Q3ZwdklhbHRZTTNrTHBqakk2cUxXdz09,Account & Community 개발 팀장급 채용,https://www.saramin.co.kr/zf_user/jobs/relay/view?view_type=list&rec_idx=49539677,10 ~ 15년 · 정규직,대학교(4년)↑,~01.06(월),"백엔드/서버개발, 웹개발, 프론트엔드, DBA, 인프라",218,101000
(주)디어유,https://www.saramin.co.kr/zf_user/company-info/view-inner-recruit?csn=Q3ZwdklhbHRZTTNrTHBqakk2cUxXdz09,[코스닥 상장사] 서버 개발 실장 채용,https://www.saramin.co.kr/zf_user/jobs/relay/view?view_type=list&rec_idx=49539690,10 ~ 15년 · 정규직,대학교(4년)↑,~01.06(월),"백엔드/서버개발, 웹개발, DBA, SE(시스템엔지니어), 검색엔진",218,101000
(주)디어유,https://www.saramin.co.kr/zf_user/company-info/view-inner-recruit?csn=Q3ZwdklhbHRZTTNrTHBqakk2cUxXdz09,메세징 서비스 개발자 채용,https://www.saramin.co.kr/zf_user/jobs/relay/view?view_type=list&rec_idx=49539682,3 ~ 7년 · 정규직,대학교(4년)↑,~01.06(월),"백엔드/서버개발, 웹개발, 프론트엔드, DBA, 인프라",218,101000
(주)앰진,https://www.saramin.co.kr/zf_user/company-info/view-inner-recruit?csn=LzAzNU1mSXJUVVp4cGcrNFBBRWRsQT09,(주)앰진 IT 백엔드 신입·경력 채용공고,https://www.saramin.co.kr/zf_user/jobs/relay/view?view_type=list&rec_idx=49550037,신입 · 경력 · 정규직,대학교(4년)↑,내일마감,"데이터분석가, 백엔드/서버개발, 프론트엔드, 빅데이터, RDBMS",218,101000
,,Python 개발자,https://www.saramin.co.kr/zf_user/jobs/relay/view?view_type=list&rec_idx=49524352,1 ~ 6년 · 정규직,학력무관,~01.02(목),"백엔드/서버개발, 웹개발, 프론트엔드, DBA, 인프라",218,101000
(주)크리스천메이트,https://www.saramin.co.kr/zf_user/company-info/view-inner-recruit?csn=TXpaMlpFRkNjSFFvdnlZcnMwNng2Zz09,프론트엔드 개발자 채용,https://www.saramin.co.kr/zf_user/jobs/relay/view?view_type=list&rec_idx=49523087,경력 3년↑ · 정규직,고졸↑,~01.02(목),"백엔드/서버개발, 프론트엔드, 반응형웹, API, Angular",218,101000
,,Python 개발자 채용 (4~8년차),https://www.saramin.co.kr/zf_user/jobs/relay/view?view_type=list&rec_idx=49524436,4 ~ 8년 · 정규직,학력무관,~01.02(목),"백엔드/서버개발, 웹개발, 프론트엔드, DBA, 인프라",218,101000
(주)코레이즈홀딩스,https://www.saramin.co.kr/zf_user/company-info/view-inner-recruit?csn=a0cxU3l1Mm5CZ3owTnEvU1ovakNqQT09,[코레이즈]  Python (Flask) 웹 개발자 채용 (경력),https://www.saramin.co.kr/zf_user/jobs/relay/view?view_type=list&rec_idx=49537495,5 ~ 10년 · 정규직,학력무관,~01.04(토),"백엔드/서버개발, 웹개발, 프론트엔드, DBMS, Windows",218,101000
(주)코레이즈홀딩스,https://www.saramin.co.kr/zf_user/company-info/view-inner-recruit?csn=a0cxU3l1Mm5CZ3owTnEvU1ovakNqQT09,[코레이즈]  Python (Flask) 웹 개발자 채용 (신입-보충역),https://www.saramin.co.kr/zf_user/jobs/relay/view?view_type=list&rec_idx=49537488,신입 · 경력 · 정규직 외,학력무관,~01.04(토),"백엔드/서버개발, 웹개발, 프론트엔드, DBMS, Windows",218,101000
(주)미디어윌네트웍스,https://www.saramin.co.kr/zf_user/company-info/view-inner-recruit?csn=S0Njanp0MXNUNXd3ZUVjUkVNVy9udz09,[알바천국] AI서비스 백엔드 개발자 모집,https://www.saramin.co.kr/zf_user/jobs/relay/view?view_type=list&rec_idx=49533554,3 ~ 10년 · 정규직,"대학(2,3년)↑",~12.26(목),"웹개발, 프론트엔드, .NET, ASP, ASP.NET",218,101000
(주)디어유,https://www.saramin.co.kr/zf_user/company-info/view-inner-recruit?csn=Q3ZwdklhbHRZTTNrTHBqakk2cUxXdz09,Payment 개발 담당자(JAVA 기반),https://www.saramin.co.kr/zf_user/jobs/relay/view?view_type=list&rec_idx=49516280,3 ~ 7년 · 정규직,대학교(4년)↑,~01.01(수),"백엔드/서버개발, 웹개발, 프론트엔드, DBA, SE(시스템엔지니어)",218,101000
,,[경력] SW개발자 FE/BE 정규직 채용,https://www.saramin.co.kr/zf_user/jobs/relay/view?view_type=list&rec_idx=49487042,경력 4년↓ · 정규직,학력무관,~01.03(금),"백엔드/서버개발, 웹개발, 유지보수, 정보보안, API",218,101000
(주)애자일소다,https://www.saramin.co.kr/zf_user/company-info/view-inner-recruit?csn=VWVSblpuS3cyL2dEd1c5RkFLSmFrUT09,풀스택 소프트웨어 엔지니어(Fullstack Software Engineer)(경력 2년 - 6년),https://www.saramin.co.kr/zf_user/jobs/relay/view?view_type=list&rec_idx=49512378,2 ~ 6년 · 정규직,대학교(4년)↑,~01.02(목),"백엔드/서버개발, 웹개발, 프론트엔드, S/W, Java",218,101000
(주)셀키,https://www.saramin.co.kr/zf_user/company-info/view-inner-recruit?csn=RWU5Sy9BWVNvUDlDR0h2ZlY5bURxdz09,백엔드 개발자,https://www.saramin.co.kr/zf_user/jobs/relay/view?view_type=list&rec_idx=49494532,4 ~ 10년 · 정규직,대학교(4년)↑,~12.31(화),"백엔드/서버개발, 웹개발, 프론트엔드, DBA, SE(시스템엔지니어)",218,101000
,,Runtime 소프트웨어 엔지니어 채용 (병역특례 가능),https://www.saramin.co.kr/zf_user/jobs/relay/view?view_type=list&rec_idx=49483790,신입 · 경력 · 정규직,고졸↑,~12.26(목),"데이터분석가, 딥러닝, 머신러닝, 블록체인, 빅데이터",218,101000
(주)스피링크,https://www.saramin.co.kr/zf_user/company-info/view-inner-recruit?csn=bzJHK1ErWCtBQU5MV3A0aUdiZFkzQT09,[인재풀] LLM 기반 AI 서비스 개발 프리랜서 상시 모집,https://www.saramin.co.kr/zf_user/jobs/relay/view?view_type=list&rec_idx=49493069,경력 3년↑ · 프리랜서,대학교(4년)↑,~12.29(일),"딥러닝, 머신러닝, 모델링, 알고리즘, 챗봇",218,101000
(주)애자일소다,https://www.saramin.co.kr/zf_user/company-info/view-inner-recruit?csn=VWVSblpuS3cyL2dEd1c5RkFLSmFrUT09,풀스택 소프트웨어 엔지니어(Fullstack Software Engineer)(경력 6년 - 10년),https://www.saramin.co.kr/zf_user/jobs/relay/view?view_type=list&rec_idx=49483835,6 ~ 10년 · 정규직,대학교(4년)↑,~12.27(금),"백엔드/서버개발, 웹개발, 프론트엔드, S/W, Java",218,101000
(주)두나미스아트테크놀로지스,https://www.saramin.co.kr/zf_user/company-info/view-inner-recruit?csn=bWt3TGIxYm1BdERPNE9XN001SEJkdz09,소프트웨어 엔지니어 (신입 및 경력),https://www.saramin.co.kr/zf_user/jobs/relay/view?view_type=list&rec_idx=49490268,신입 · 경력 · 계약직,대학교(4년)↑,상시채용,"백엔드/서버개발, 앱개발, 웹개발, AWS, Git",218,101000
(주)클래스유,https://www.saramin.co.kr/zf_user/company-info/view-inner-recruit?csn=eFVlM2JqSHl1aHRiYjZ4VGVSVEsyUT09,[클래스유] 백엔드 개발자 (B.E),https://www.saramin.co.kr/zf_user/jobs/relay/view?view_type=list&rec_idx=49489147,경력 3년↑ · 정규직,대학교(4년)↑,상시채용,"백엔드/서버개발, 프론트엔드, Android, iOS, AWS",218,101000
(주)천재교육,https://www.saramin.co.kr/zf_user/company-info/view-inner-recruit?csn=ZmlVQ2M2cnFWNitnbnlXYzZ1NkM0QT09,[천재교육] AI센터 이미지검색팀 LLM Application 개발자 모집,https://www.saramin.co.kr/zf_user/jobs/relay/view?view_type=list&rec_idx=49485184,1 ~ 3년 · 정규직 외,학력무관,~12.28(토),"백엔드/서버개발, API, AI(인공지능), AWS, 유지보수",218,101000
(주)티피씨인터넷,https://www.saramin.co.kr/zf_user/company-info/view-inner-recruit?csn=RVQ2MUtvTjNyS0cySGF4R0JwNGU0Zz09,커뮤니케이션 플랫폼 'LIKEY' 백엔드 개발자 (Node.js / 6-8년),https://www.saramin.co.kr/zf_user/jobs/relay/view?view_type=list&rec_idx=49391776,6 ~ 8년 · 정규직,학력무관,채용시,"백엔드/서버개발, 클라우드, API, AWS, Azure",218,101000
(주)티피씨인터넷,https://www.saramin.co.kr/zf_user/company-info/view-inner-recruit?csn=RVQ2MUtvTjNyS0cySGF4R0JwNGU0Zz09,커뮤니케이션 플랫폼 'LIKEY' 백엔드 개발자 (Node.js / 3-5년),https://www.saramin.co.kr/zf_user/jobs/relay/view?view_type=list&rec_idx=49392102,3 ~ 5년 · 정규직,학력무관,채용시,"백엔드/서버개발, 클라우드, API, AWS, Azure",218,101000
,,백엔드 개발자 (경력 3년~5년),https://www.saramin.co.kr/zf_user/jobs/relay/view?view_type=list&rec_idx=49464251,3 ~ 5년 · 정규직,대학교(4년)↑,~12.24(화),"백엔드/서버개발, 웹개발, 프론트엔드, DBA, 데이터마이닝",218,101000
(주)니트머스,https://www.saramin.co.kr/zf_user/company-info/view-inner-recruit?csn=dkIrL2dhU3hBQmFEOWhvdWh5NFQyQT09,"[신입/경력] 온라인 광고 플랫폼 개발 (Python, Django)",https://www.saramin.co.kr/zf_user/jobs/relay/view?view_type=list&rec_idx=49214740,신입 · 정규직,"대학(2,3년)↑",내일마감,"백엔드/서버개발, 웹개발, S/W, Django, PHP",218,101000
,,시니어 파이썬 백엔드 엔지니어 채용,https://www.saramin.co.kr/zf_user/jobs/relay/view?view_type=list&rec_idx=49432001,5 ~ 15년 · 정규직,학력무관,D-3,"백엔드/서버개발, 웹개발, SE(시스템엔지니어), 인프라, 클라우드",218,101000
,,(전문연구요원 가능) Runtime 소프트웨어 엔지니어,https://www.saramin.co.kr/zf_user/jobs/relay/view?view_type=list&rec_idx=49440558,경력무관 · 정규직,학력무관,D-5,"C++, Django, Flask, Kotlin, Python",218,101000
(주)티피씨인터넷,https://www.saramin.co.kr/zf_user/company-info/view-inner-recruit?csn=RVQ2MUtvTjNyS0cySGF4R0JwNGU0Zz09,서버/백엔드 개발자 (Node.js / 6~8년),https://www.saramin.co.kr/zf_user/jobs/relay/view?view_type=list&rec_idx=49422097,6 ~ 8년 · 정규직,학력무관,D-2,"백엔드/서버개발, 웹개발, 프론트엔드, DBA, SE(시스템엔지니어)",218,101000
주식회사에이머슬리(amouslyInc.),https://www.saramin.co.kr/zf_user/company-info/view-inner-recruit?csn=QzVva09EYnROZlVxK08xdldBaFBEUT09,에이머슬리 MLOps 엔지니어 채용,https://www.saramin.co.kr/zf_user/jobs/relay/view?view_type=list&rec_idx=49399226,경력무관 · 정규직,대학교(4년)↑,~01.13(월),"딥러닝, 머신러닝, 알고리즘, Pytorch, Tensorflow",218,101000
,,(주식회사 미니레코드) Python 개발자 채용,https://www.saramin.co.kr/zf_user/jobs/relay/view?view_type=list&rec_idx=49399149,1 ~ 10년 · 정규직 외,학력무관,상시채용,"Python, 유지보수, 딥러닝, 머신러닝, 챗봇",218,101000
아일리스프런티어(주),https://www.saramin.co.kr/zf_user/company-info/view-inner-recruit?csn=ZndZZmIyK1BURW0wNlJaNlJUb25Ydz09,AI 서비스 - 자연어처리(NLP)/Python 엔진 개발 (추가 채용),https://www.saramin.co.kr/zf_user/jobs/relay/view?view_type=list&rec_idx=49394122,1 ~ 3년 · 정규직,학력무관,채용시,"백엔드/서버개발, 딥러닝, 머신러닝, 알고리즘, 챗봇",218,101000
,,백엔드 개발자 모집 [경력직],https://www.saramin.co.kr/zf_user/jobs/relay/view?view_type=list&rec_idx=49387776,3 ~ 7년 · 정규직,고졸↑,채용시,"백엔드/서버개발, 앱개발, API, S/W, Android",218,101000
(주)마인즈앤컴퍼니,https://www.saramin.co.kr/zf_user/company-info/view-inner-recruit?csn=Y2NWU0phaFFnSmthSFRMcnFWbmtqQT09,[인공지능솔루션] 엔지니어 직군 채용,https://www.saramin.co.kr/zf_user/jobs/relay/view?view_type=list&rec_idx=49334138,3 ~ 20년 · 정규직 외,대학교(4년)↑,~01.03(금),"데이터엔지니어, 백엔드/서버개발, 딥러닝, 머신러닝, 모델링",218,101000
,,[데이터 분석] 경력직 채용,https://www.saramin.co.kr/zf_user/jobs/relay/view?view_type=list&rec_idx=49322429,경력 3년↑ · 정규직,대학교(4년)↑,~01.01(수),"데이터분석가, 데이터엔지니어, 데이터마이닝, 딥러닝, 머신러닝",218,101000
,,[백엔드 개발자] 경력직 채용,https://www.saramin.co.kr/zf_user/jobs/relay/view?view_type=list&rec_idx=49322427,경력 3년↑ · 정규직,"대학(2,3년)↑",~01.01(수),"백엔드/서버개발, API, Java, Javascript, JPA",218,101000
,,[Unity/유니티 개발자] 경력직 채용,https://www.saramin.co.kr/zf_user/jobs/relay/view?view_type=list&rec_idx=49322425,경력 3년↑ · 정규직,"대학(2,3년)↑",~01.01(수),"C#, Unity, WebGL, 유지보수, 프론트엔드",218,101000
(주)엘리스,https://www.saramin.co.kr/zf_user/company-info/view-inner-recruit?csn=eGY3eFVXemdqb0x6aG5STHc1TDVMUT09,데이터 엔지니어,https://www.saramin.co.kr/zf_user/jobs/relay/view?view_type=list&rec_idx=49273599,경력 3년↑ · 계약직,학력무관,채용시,"데이터엔지니어, 웹개발, 프론트엔드, 솔루션, 인프라",218,101000
(주)어반데이터랩,https://www.saramin.co.kr/zf_user/company-info/view-inner-recruit?csn=OUZCdVBpSUl1NXAxdG1YTzBCK2NzQT09,어반데이터랩 풀스택 개발자 모집,https://www.saramin.co.kr/zf_user/jobs/relay/view?view_type=list&rec_idx=49252597,2 ~ 5년 · 정규직,학력무관,D-7,"Ajax, Flask, Java, Javascript, Node.js",218,101000
(사)한국아이씨티기술협회,https://www.saramin.co.kr/zf_user/company-info/view-inner-recruit?csn=YjdaM0NrMDFNMVlPQURzM1ZWU0RkQT09,[국비무료IT취업]자바파이썬/웹개발/빅데이터/인공지능,https://www.saramin.co.kr/zf_user/jobs/relay/view?view_type=list&rec_idx=49333137,경력무관 · 교육생,학력무관,D-5,"기술지원, 데이터분석가, 데이터엔지니어, 백엔드/서버개발, 앱개발",218,101000
(주)시큐리온,https://www.saramin.co.kr/zf_user/company-info/view-inner-recruit?csn=QWh5UDJBRmlETzhlYkg3UHlPTnF0Zz09,[경력] Back-end 개발자 채용(내일채움공제가능),https://www.saramin.co.kr/zf_user/jobs/relay/view?view_type=list&rec_idx=49428675,경력 5년↑ · 정규직,"대학(2,3년)↑",D-5,"백엔드/서버개발, Django, Flask, MySQL, PostgreSQL",218,101000
(주)에이치알타운,https://www.saramin.co.kr/zf_user/company-info/view-inner-recruit?csn=K3RDdnNmZnowdHpDc2Jib2prTlhrUT09,식품대기업 그룹내 AI 웹서비스 개발 및 운영  대리급경력 채용,https://www.saramin.co.kr/zf_user/jobs/relay/view?view_type=list&rec_idx=49523142,5 ~ 10년 · 정규직,대학교(4년)↑,~01.03(금),"앱개발, 웹개발, 프론트엔드, Python, 유지보수",218,101000
(주)프로써치코리아,https://www.saramin.co.kr/zf_user/company-info/view-inner-recruit?csn=MlovVzZ3N09laCtSbUU4bTR1YTdKQT09,IoT 기반 웹개발자(프론트/백엔드),https://www.saramin.co.kr/zf_user/jobs/relay/view?view_type=list&rec_idx=49581106,6 ~ 15년 · 정규직,"대학(2,3년)↑",채용시,"백엔드/서버개발, 웹개발, IoT, 프론트엔드, 솔루션",218,101000
(주)베로스컨설팅그룹,https://www.saramin.co.kr/zf_user/company-info/view-inner-recruit?csn=dTNpMjU1RXYrZjg0WWtBTmVmbTR1UT09,AI 개발자 채용 [유망 바이오],https://www.saramin.co.kr/zf_user/jobs/relay/view?view_type=list&rec_idx=49509119,경력 3년↑ · 정규직,대학교(4년)↑,~01.01(수),"AI(인공지능), Flask, Pytorch, SQL",218,101000
주식회사 사나라이브,https://www.saramin.co.kr/zf_user/company-info/view-inner-recruit?csn=b280UExrS0VucHBnUkszL2oxVHFIQT09,SW 개발 팀장 (풀스택) 모집,https://www.saramin.co.kr/zf_user/jobs/relay/view?view_type=list&rec_idx=49426808,경력 5년↑ · 정규직,대학교(4년)↑,D-4,"S/W, Flask, React, Spring, 풀스택",218,108000
(사)한국아이씨티기술협회,https://www.saramin.co.kr/zf_user/company-info/view-inner-recruit?csn=YjdaM0NrMDFNMVlPQURzM1ZWU0RkQT09,[국비무료IT취업]자바파이썬/웹개발/빅데이터/인공지능,https://www.saramin.co.kr/zf_user/jobs/relay/view?view_type=list&rec_idx=49333137,경력무관 · 교육생,학력무관,D-5,"기술지원, 데이터분석가, 데이터엔지니어, 백엔드/서버개발, 앱개발",218,108000
(주)솔리드이엔지,https://www.saramin.co.kr/zf_user/company-info/view-inner-recruit?csn=MHpMdzBGYVU1N0QvcExxeHdYVkZ5UT09,(주)솔리드이엔지 Cloud - 클라우드 기술 신입 및 경력 모집,https://www.saramin.co.kr/zf_user/jobs/relay/view?view_type=list&rec_idx=49494019,신입 · 경력 · 정규직,학력무관,채용시,"기술지원, 유지보수, 정보보안, IT컨설팅, SE(시스템엔지니어)",218,105000
(사)한국아이씨티기술협회,https://www.saramin.co.kr/zf_user/company-info/view-inner-recruit?csn=YjdaM0NrMDFNMVlPQURzM1ZWU0RkQT09,[국비무료IT취업]자바파이썬/웹개발/빅데이터/인공지능,https://www.saramin.co.kr/zf_user/jobs/relay/view?view_type=list&rec_idx=49333137,경력무관 · 교육생,학력무관,D-5,"기술지원, 데이터분석가, 데이터엔지니어, 백엔드/서버개발, 앱개발",218,105000
